,MSOA11CD,count_sin,sum,count_sdep,sdep/sum,sdep/sin,library_name_sum,filtered_library_name_sum,keyword_frequency_sum,Total annual income,POPDEN
0,E02000001,90.0,4909.0,10.0,0.203707476,11.11111111,26.0,15.0,126.0,101800.0,25.5
1,E02000002,436.0,2873.0,77.0,2.680125305,17.66055046,4.0,2.0,5.0,43600.0,31.3
2,E02000003,414.0,3932.0,53.0,1.347914547,12.80193237,7.0,4.0,11.0,50900.0,46.9
3,E02000004,178.0,2309.0,25.0,1.082719792,14.04494382,6.0,1.0,1.0,52000.0,24.8
4,E02000005,451.0,3629.0,85.0,2.342243042,18.84700665,6.0,2.0,8.0,48100.0,72.1
5,E02000007,572.0,3674.0,89.0,2.422427872,15.55944056,3.0,0.0,0.0,39000.0,50.6
6,E02000008,582.0,4621.0,93.0,2.012551396,15.97938144,6.0,3.0,10.0,42100.0,81.5
7,E02000009,535.0,4256.0,85.0,1.997180451,15.88785047,5.0,3.0,10.0,45800.0,87.4
8,E02000010,463.0,3331.0,70.0,2.10147103,15.1187905,2.0,0.0,0.0,40900.0,76.8
9,E02000011,253.0,2355.0,45.0,1.910828025,17.78656126,4.0,1.0,1.0,46500.0,38.8
10,E02000012,254.0,3290.0,35.0,1.063829787,13.77952756,6.0,5.0,11.0,56100.0,76.0
11,E02000013,405.0,3256.0,62.0,1.904176904,15.30864198,5.0,2.0,6.0,44100.0,64.4
12,E02000014,440.0,3389.0,75.0,2.213042195,17.04545455,2.0,0.0,0.0,42900.0,78.8
13,E02000015,432.0,3033.0,67.0,2.20903396,15.50925926,2.0,1.0,1.0,41200.0,55.5
14,E02000016,460.0,3810.0,68.0,1.784776903,14.7826087,7.0,6.0,10.0,46600.0,86.6
15,E02000017,182.0,2765.0,18.0,0.650994575,9.89010989,6.0,5.0,9.0,51300.0,97.0
16,E02000018,482.0,3233.0,84.0,2.598206001,17.42738589,5.0,2.0,5.0,41600.0,65.5
17,E02000019,502.0,3206.0,76.0,2.370555209,15.13944223,4.0,0.0,0.0,46100.0,27.2
18,E02000020,563.0,4673.0,87.0,1.861759041,15.45293073,6.0,3.0,4.0,47800.0,27.1
19,E02000021,414.0,2931.0,42.0,1.432958035,10.14492754,2.0,1.0,1.0,43300.0,27.4
20,E02000022,496.0,2795.0,69.0,2.468694097,13.91129032,4.0,3.0,4.0,41300.0,117.2
21,E02000023,474.0,2657.0,97.0,3.65073391,20.46413502,4.0,1.0,1.0,46100.0,37.1
22,E02000024,227.0,4477.0,26.0,0.580746035,11.45374449,1.0,0.0,0.0,64300.0,27.1
23,E02000025,255.0,3746.0,40.0,1.067805659,15.68627451,2.0,0.0,0.0,60900.0,33.1
24,E02000026,150.0,2513.0,23.0,0.915240748,15.33333333,4.0,0.0,0.0,62300.0,43.1
25,E02000027,339.0,3684.0,48.0,1.302931596,14.15929204,2.0,0.0,0.0,54700.0,57.3
26,E02000028,200.0,2690.0,26.0,0.966542751,13,3.0,0.0,0.0,61100.0,58.4
27,E02000029,387.0,3706.0,58.0,1.565029682,14.9870801,6.0,0.0,0.0,58000.0,50.6
28,E02000030,154.0,3522.0,14.0,0.39750142,9.090909091,5.0,0.0,0.0,59400.0,6.3
29,E02000031,161.0,3327.0,24.0,0.721370604,14.9068323,4.0,0.0,0.0,62500.0,37.6
30,E02000032,124.0,2742.0,10.0,0.364697301,8.064516129,7.0,0.0,0.0,68800.0,56.2
31,E02000033,274.0,3494.0,36.0,1.030337722,13.13868613,9.0,0.0,0.0,58600.0,48.1
32,E02000034,276.0,3586.0,39.0,1.087562744,14.13043478,7.0,0.0,0.0,58900.0,54.6
33,E02000035,179.0,3527.0,28.0,0.793875815,15.6424581,4.0,0.0,0.0,61700.0,61.4
34,E02000036,312.0,3946.0,44.0,1.115053218,14.1025641,4.0,0.0,0.0,56400.0,59.9
35,E02000037,231.0,3717.0,29.0,0.780199085,12.55411255,4.0,0.0,0.0,59300.0,22.5
36,E02000038,347.0,4005.0,38.0,0.948813983,10.95100865,9.0,0.0,0.0,58500.0,59.7
37,E02000039,125.0,2673.0,15.0,0.561167228,12,4.0,0.0,0.0,65200.0,31.3
38,E02000040,230.0,3510.0,25.0,0.712250712,10.86956522,4.0,0.0,0.0,59500.0,14.0
39,E02000041,262.0,3326.0,36.0,1.082381239,13.74045802,5.0,0.0,0.0,53500.0,65.3
40,E02000042,270.0,4712.0,34.0,0.721561969,12.59259259,5.0,0.0,0.0,58000.0,87.7
41,E02000043,104.0,2665.0,13.0,0.487804878,12.5,2.0,0.0,0.0,76300.0,52.4
42,E02000044,316.0,3066.0,45.0,1.467710372,14.24050633,4.0,0.0,0.0,53900.0,72.9
43,E02000045,435.0,4200.0,67.0,1.595238095,15.40229885,10.0,0.0,0.0,56300.0,59.0
44,E02000046,144.0,2877.0,14.0,0.486618005,9.722222222,4.0,1.0,11.0,68400.0,72.9
45,E02000047,554.0,4217.0,143.0,3.391036282,25.81227437,6.0,0.0,0.0,51000.0,80.0
46,E02000048,242.0,3951.0,32.0,0.809921539,13.2231405,6.0,1.0,11.0,60800.0,31.8
47,E02000049,518.0,3801.0,107.0,2.815048671,20.65637066,5.0,0.0,0.0,47500.0,107.9
48,E02000050,315.0,4035.0,47.0,1.164807931,14.92063492,10.0,1.0,11.0,57100.0,47.5
49,E02000051,204.0,3798.0,48.0,1.263823065,23.52941176,5.0,1.0,11.0,57900.0,59.7
50,E02000052,253.0,4194.0,37.0,0.882212685,14.62450593,7.0,1.0,11.0,66300.0,100.1
51,E02000054,157.0,2970.0,17.0,0.572390572,10.82802548,5.0,0.0,0.0,54400.0,48.0
52,E02000055,293.0,4506.0,45.0,0.998668442,15.35836177,4.0,0.0,0.0,51700.0,77.3
53,E02000056,142.0,3443.0,20.0,0.58088876,14.08450704,9.0,3.0,29.0,76600.0,28.5
54,E02000057,154.0,2709.0,9.0,0.332225914,5.844155844,4.0,1.0,11.0,56000.0,68.4
55,E02000058,192.0,4097.0,34.0,0.829875519,17.70833333,6.0,2.0,12.0,60100.0,56.4
56,E02000059,248.0,4437.0,45.0,1.014198783,18.14516129,5.0,0.0,0.0,51600.0,47.7
57,E02000060,146.0,3693.0,16.0,0.433252099,10.95890411,6.0,2.0,12.0,49200.0,88.6
58,E02000061,132.0,3574.0,18.0,0.503637381,13.63636364,6.0,3.0,29.0,63400.0,50.5
59,E02000062,258.0,2615.0,40.0,1.529636711,15.50387597,6.0,1.0,1.0,48500.0,34.5
60,E02000063,243.0,2833.0,37.0,1.306036004,15.22633745,6.0,1.0,1.0,52000.0,67.2
61,E02000064,315.0,2759.0,29.0,1.051105473,9.206349206,6.0,2.0,18.0,52900.0,78.7
62,E02000065,464.0,2775.0,66.0,2.378378378,14.22413793,4.0,0.0,0.0,49000.0,23.9
63,E02000066,453.0,3548.0,79.0,2.226606539,17.4392936,6.0,1.0,1.0,42400.0,61.3
64,E02000067,496.0,3983.0,54.0,1.355761988,10.88709677,5.0,0.0,0.0,48900.0,37.8
65,E02000068,534.0,3193.0,84.0,2.630754776,15.73033708,4.0,1.0,1.0,46300.0,32.5
66,E02000069,252.0,2817.0,34.0,1.206957756,13.49206349,5.0,1.0,1.0,49400.0,42.7
67,E02000070,190.0,3143.0,22.0,0.699968183,11.57894737,8.0,1.0,1.0,53800.0,42.4
68,E02000071,275.0,2837.0,56.0,1.973916109,20.36363636,6.0,1.0,1.0,49500.0,61.9
69,E02000072,699.0,4691.0,109.0,2.32359838,15.59370529,4.0,1.0,1.0,44700.0,26.8
70,E02000073,168.0,3959.0,21.0,0.530436979,12.5,9.0,1.0,1.0,59100.0,67.0
71,E02000074,428.0,3504.0,73.0,2.083333333,17.05607477,5.0,1.0,1.0,44900.0,67.8
72,E02000075,139.0,3147.0,15.0,0.476644423,10.79136691,5.0,0.0,0.0,57800.0,51.8
73,E02000077,193.0,2936.0,34.0,1.158038147,17.61658031,7.0,1.0,1.0,56100.0,70.0
74,E02000078,164.0,3023.0,10.0,0.330797221,6.097560976,7.0,1.0,1.0,57500.0,51.5
75,E02000079,251.0,3588.0,39.0,1.086956522,15.53784861,6.0,0.0,0.0,57100.0,47.7
76,E02000080,250.0,3813.0,25.0,0.655651718,10,6.0,0.0,0.0,56600.0,55.7
77,E02000081,235.0,3280.0,32.0,0.975609756,13.61702128,6.0,1.0,1.0,52900.0,34.1
78,E02000082,185.0,3443.0,13.0,0.377577694,7.027027027,7.0,1.0,1.0,62800.0,59.3
79,E02000083,389.0,4444.0,65.0,1.462646265,16.70951157,6.0,1.0,1.0,51000.0,26.1
80,E02000084,201.0,4200.0,18.0,0.428571429,8.955223881,5.0,0.0,0.0,60200.0,41.0
81,E02000085,190.0,3074.0,25.0,0.813272609,13.15789474,4.0,0.0,0.0,55100.0,48.6
82,E02000086,124.0,2786.0,9.0,0.32304379,7.258064516,5.0,0.0,0.0,59200.0,49.2
83,E02000087,136.0,3319.0,25.0,0.753238927,18.38235294,4.0,0.0,0.0,61900.0,20.4
84,E02000088,140.0,2979.0,14.0,0.469956361,10,5.0,0.0,0.0,62600.0,38.7
85,E02000089,137.0,2903.0,11.0,0.37891836,8.02919708,6.0,0.0,0.0,66000.0,56.9
86,E02000090,259.0,4196.0,38.0,0.905624404,14.67181467,5.0,0.0,0.0,53500.0,48.2
87,E02000091,250.0,4445.0,30.0,0.674915636,12,6.0,0.0,0.0,52200.0,35.4
88,E02000092,316.0,2715.0,59.0,2.173112339,18.67088608,3.0,0.0,0.0,46500.0,10.7
89,E02000093,204.0,3742.0,35.0,0.935328701,17.15686275,5.0,0.0,0.0,57700.0,79.0
90,E02000094,279.0,3467.0,35.0,1.009518316,12.54480287,4.0,0.0,0.0,57800.0,75.2
91,E02000095,142.0,3183.0,26.0,0.81683946,18.30985915,4.0,1.0,3.0,58400.0,64.1
92,E02000096,78.0,2497.0,12.0,0.480576692,15.38461538,5.0,1.0,3.0,61500.0,46.5
93,E02000097,158.0,3039.0,27.0,0.888450148,17.08860759,4.0,1.0,3.0,53900.0,47.9
94,E02000098,204.0,2872.0,36.0,1.253481894,17.64705882,4.0,1.0,3.0,54100.0,43.2
95,E02000099,235.0,2917.0,31.0,1.062735687,13.19148936,6.0,2.0,9.0,59000.0,67.6
96,E02000100,83.0,2570.0,10.0,0.389105058,12.04819277,9.0,3.0,10.0,66400.0,40.4
97,E02000101,348.0,3386.0,57.0,1.683402245,16.37931034,4.0,1.0,3.0,49200.0,66.5
98,E02000102,261.0,2686.0,35.0,1.303052867,13.40996169,3.0,0.0,0.0,46200.0,57.3
99,E02000103,390.0,3465.0,77.0,2.222222222,19.74358974,5.0,1.0,1.0,49600.0,49.2
100,E02000104,132.0,2414.0,16.0,0.662800331,12.12121212,4.0,2.0,9.0,53000.0,61.1
101,E02000105,218.0,3109.0,26.0,0.836281763,11.9266055,7.0,3.0,10.0,54500.0,67.2
102,E02000106,380.0,3591.0,60.0,1.670843776,15.78947368,4.0,0.0,0.0,45800.0,76.2
103,E02000107,317.0,4361.0,56.0,1.284109149,17.66561514,5.0,1.0,1.0,55000.0,112.0
104,E02000108,151.0,2272.0,13.0,0.572183099,8.609271523,5.0,2.0,7.0,56200.0,81.0
105,E02000110,167.0,3093.0,26.0,0.840607824,15.56886228,5.0,1.0,1.0,56700.0,101.2
106,E02000111,188.0,3189.0,27.0,0.846660395,14.36170213,5.0,2.0,9.0,51900.0,86.7
107,E02000112,223.0,3499.0,41.0,1.171763361,18.38565022,5.0,2.0,9.0,54200.0,74.3
108,E02000113,502.0,3291.0,84.0,2.552415679,16.73306773,5.0,0.0,0.0,42000.0,65.1
109,E02000114,287.0,3706.0,43.0,1.160280626,14.9825784,6.0,1.0,1.0,52800.0,146.9
110,E02000115,205.0,3875.0,32.0,0.825806452,15.6097561,7.0,2.0,5.0,57100.0,98.3
111,E02000116,474.0,3239.0,68.0,2.099413399,14.34599156,5.0,1.0,4.0,47100.0,74.4
112,E02000117,674.0,4759.0,98.0,2.059256146,14.54005935,3.0,0.0,0.0,41900.0,135.0
113,E02000118,165.0,3155.0,30.0,0.950871632,18.18181818,6.0,2.0,9.0,52000.0,76.4
114,E02000119,608.0,3950.0,83.0,2.101265823,13.65131579,5.0,0.0,0.0,45200.0,28.2
115,E02000120,254.0,4242.0,23.0,0.542197077,9.05511811,12.0,4.0,10.0,57400.0,182.1
116,E02000121,258.0,3626.0,43.0,1.185879757,16.66666667,5.0,1.0,6.0,51700.0,64.0
117,E02000122,210.0,3159.0,29.0,0.918012029,13.80952381,8.0,2.0,6.0,61500.0,67.2
118,E02000123,777.0,5540.0,108.0,1.949458484,13.8996139,3.0,1.0,4.0,43100.0,142.2
119,E02000124,310.0,4167.0,38.0,0.911927046,12.25806452,10.0,3.0,8.0,62400.0,93.2
120,E02000125,277.0,3942.0,31.0,0.786402841,11.19133574,6.0,3.0,8.0,60400.0,141.2
121,E02000126,334.0,3404.0,60.0,1.762632197,17.96407186,14.0,6.0,15.0,46500.0,177.6
122,E02000127,475.0,3786.0,83.0,2.192287375,17.47368421,10.0,1.0,1.0,47400.0,38.1
123,E02000128,217.0,3061.0,26.0,0.849395622,11.98156682,5.0,0.0,0.0,60500.0,28.8
124,E02000130,268.0,3666.0,26.0,0.709219858,9.701492537,6.0,2.0,7.0,62700.0,53.3
125,E02000131,527.0,5069.0,107.0,2.110869994,20.30360531,6.0,2.0,7.0,60700.0,50.7
126,E02000132,335.0,4943.0,30.0,0.606918875,8.955223881,5.0,1.0,2.0,63800.0,49.3
127,E02000133,185.0,4330.0,25.0,0.577367206,13.51351351,11.0,1.0,2.0,72400.0,16.1
128,E02000134,439.0,5300.0,43.0,0.811320755,9.79498861,5.0,0.0,0.0,60000.0,55.7
129,E02000135,622.0,4442.0,104.0,2.341287708,16.72025723,7.0,2.0,7.0,47700.0,84.1
130,E02000136,161.0,2301.0,30.0,1.303780965,18.63354037,6.0,1.0,2.0,52000.0,12.6
131,E02000137,185.0,3674.0,9.0,0.244964616,4.864864865,5.0,0.0,0.0,67000.0,42.0
132,E02000138,148.0,4140.0,9.0,0.217391304,6.081081081,6.0,1.0,2.0,68600.0,38.1
133,E02000139,194.0,3307.0,26.0,0.786211067,13.40206186,5.0,2.0,3.0,67600.0,47.4
134,E02000140,453.0,3340.0,65.0,1.946107784,14.34878587,2.0,0.0,0.0,45000.0,42.6
135,E02000141,256.0,3092.0,34.0,1.099611902,13.28125,6.0,2.0,3.0,60000.0,74.4
136,E02000142,197.0,3449.0,12.0,0.347926935,6.091370558,5.0,0.0,0.0,68300.0,46.6
137,E02000144,225.0,4311.0,30.0,0.695894224,13.33333333,5.0,0.0,0.0,69600.0,43.7
138,E02000145,482.0,3514.0,74.0,2.105862265,15.3526971,3.0,0.0,0.0,46600.0,7.2
139,E02000146,236.0,4042.0,20.0,0.494804552,8.474576271,5.0,1.0,2.0,66100.0,46.2
140,E02000147,118.0,3165.0,13.0,0.410742496,11.01694915,5.0,1.0,1.0,66700.0,35.4
141,E02000148,134.0,2699.0,16.0,0.592812153,11.94029851,4.0,1.0,2.0,65100.0,23.5
142,E02000149,257.0,3280.0,40.0,1.219512195,15.56420233,3.0,1.0,2.0,51400.0,41.0
143,E02000150,194.0,3115.0,20.0,0.642054575,10.30927835,6.0,4.0,5.0,67000.0,27.1
144,E02000151,90.0,2969.0,9.0,0.303132368,10,4.0,1.0,2.0,70600.0,36.0
145,E02000152,346.0,3093.0,53.0,1.713546718,15.31791908,4.0,1.0,2.0,52500.0,25.5
146,E02000153,108.0,2895.0,17.0,0.587219344,15.74074074,5.0,1.0,1.0,69600.0,34.5
147,E02000154,187.0,3573.0,28.0,0.783655192,14.97326203,3.0,1.0,2.0,60600.0,38.1
148,E02000155,141.0,3040.0,18.0,0.592105263,12.76595745,2.0,0.0,0.0,52400.0,38.0
149,E02000156,217.0,4859.0,16.0,0.329285861,7.373271889,4.0,2.0,2.0,65200.0,31.5
150,E02000157,142.0,3279.0,15.0,0.457456542,10.56338028,3.0,1.0,2.0,71300.0,32.5
151,E02000158,243.0,3033.0,39.0,1.285855589,16.04938272,1.0,0.0,0.0,55400.0,34.1
152,E02000159,137.0,2821.0,21.0,0.744416873,15.32846715,3.0,1.0,2.0,61600.0,11.6
153,E02000160,144.0,3045.0,16.0,0.52545156,11.11111111,4.0,1.0,1.0,65000.0,9.3
154,E02000161,140.0,3345.0,12.0,0.358744395,8.571428571,1.0,0.0,0.0,67800.0,48.9
155,E02000162,193.0,2964.0,36.0,1.214574899,18.65284974,1.0,0.0,0.0,51000.0,5.2
156,E02000163,135.0,3069.0,17.0,0.55392636,12.59259259,1.0,0.0,0.0,60000.0,6.8
157,E02000165,156.0,2742.0,15.0,0.547045952,9.615384615,2.0,0.0,0.0,58600.0,12.4
158,E02000166,254.0,3396.0,56.0,1.648998822,22.04724409,16.0,7.0,38.0,60700.0,26.2
159,E02000167,119.0,3370.0,4.0,0.118694362,3.361344538,11.0,5.0,33.0,88400.0,38.2
160,E02000168,207.0,3494.0,37.0,1.058958214,17.87439614,14.0,5.0,28.0,70600.0,120.1
161,E02000169,155.0,3032.0,22.0,0.725593668,14.19354839,10.0,5.0,25.0,87100.0,68.0
162,E02000170,156.0,3466.0,17.0,0.490478938,10.8974359,9.0,2.0,18.0,72300.0,108.1
163,E02000171,187.0,3329.0,29.0,0.871132472,15.50802139,12.0,4.0,24.0,73100.0,149.9
164,E02000172,410.0,4033.0,75.0,1.859657823,18.29268293,16.0,5.0,28.0,52200.0,151.7
165,E02000173,129.0,3503.0,20.0,0.570939195,15.50387597,11.0,5.0,25.0,83500.0,98.6
166,E02000174,318.0,3554.0,65.0,1.828925155,20.44025157,17.0,6.0,35.0,57100.0,159.7
167,E02000175,215.0,4308.0,42.0,0.974930362,19.53488372,11.0,5.0,25.0,73300.0,127.9
168,E02000176,102.0,3002.0,7.0,0.233177881,6.862745098,9.0,4.0,24.0,88600.0,160.2
169,E02000177,314.0,3652.0,52.0,1.423877327,16.56050955,13.0,5.0,28.0,52500.0,170.9
170,E02000178,296.0,4165.0,43.0,1.032412965,14.52702703,11.0,4.0,10.0,58500.0,157.7
171,E02000179,162.0,2551.0,20.0,0.784006272,12.34567901,10.0,4.0,24.0,64100.0,165.5
172,E02000180,239.0,3519.0,30.0,0.852514919,12.55230126,17.0,6.0,20.0,58300.0,169.0
173,E02000181,154.0,3754.0,22.0,0.586041556,14.28571429,10.0,5.0,25.0,88700.0,142.5
174,E02000182,208.0,3082.0,28.0,0.908500973,13.46153846,15.0,6.0,27.0,66700.0,83.9
175,E02000183,184.0,3618.0,38.0,1.050304035,20.65217391,19.0,8.0,44.0,65100.0,102.5
176,E02000184,293.0,3631.0,70.0,1.927843569,23.89078498,19.0,8.0,46.0,51300.0,133.6
177,E02000185,379.0,4068.0,67.0,1.647000983,17.67810026,15.0,7.0,32.0,48100.0,175.6
178,E02000186,156.0,2942.0,27.0,0.917743032,17.30769231,25.0,11.0,43.0,62700.0,66.7
179,E02000187,419.0,3817.0,72.0,1.88629814,17.18377088,21.0,8.0,37.0,46600.0,84.2
180,E02000188,248.0,2720.0,46.0,1.691176471,18.5483871,22.0,11.0,43.0,46800.0,163.9
181,E02000191,63.0,2101.0,8.0,0.380771061,12.6984127,18.0,9.0,89.0,60000.0,116.8
182,E02000192,194.0,3089.0,35.0,1.133052768,18.04123711,20.0,11.0,105.0,54100.0,165.5
183,E02000193,117.0,3101.0,20.0,0.644953241,17.09401709,21.0,11.0,104.0,55000.0,70.1
184,E02000194,401.0,4201.0,51.0,1.213996667,12.71820449,7.0,3.0,9.0,58000.0,62.5
185,E02000195,257.0,3492.0,41.0,1.174112257,15.95330739,8.0,2.0,7.0,59500.0,47.3
186,E02000196,277.0,2817.0,39.0,1.384451544,14.07942238,6.0,2.0,3.0,53800.0,60.4
187,E02000197,326.0,3320.0,43.0,1.295180723,13.19018405,5.0,1.0,1.0,54100.0,91.6
188,E02000198,490.0,3502.0,70.0,1.998857796,14.28571429,6.0,1.0,1.0,50700.0,90.5
189,E02000199,329.0,3206.0,39.0,1.21646912,11.85410334,5.0,1.0,1.0,56800.0,97.7
190,E02000200,399.0,4001.0,52.0,1.299675081,13.03258145,5.0,2.0,3.0,55400.0,66.5
191,E02000201,528.0,3819.0,64.0,1.675831369,12.12121212,5.0,2.0,3.0,45900.0,96.4
192,E02000202,279.0,3035.0,37.0,1.219110379,13.26164875,5.0,1.0,1.0,53500.0,116.3
193,E02000203,360.0,3119.0,52.0,1.667201026,14.44444444,5.0,1.0,1.0,46200.0,97.5
194,E02000204,315.0,3227.0,34.0,1.053610164,10.79365079,4.0,1.0,1.0,51500.0,86.6
195,E02000206,665.0,4464.0,72.0,1.612903226,10.82706767,6.0,3.0,4.0,46800.0,65.3
196,E02000207,469.0,3562.0,74.0,2.077484559,15.7782516,4.0,2.0,2.0,48800.0,72.5
197,E02000208,669.0,4096.0,91.0,2.221679688,13.60239163,6.0,2.0,3.0,45100.0,111.8
198,E02000209,364.0,3069.0,42.0,1.368523949,11.53846154,4.0,1.0,1.0,51200.0,83.9
199,E02000210,351.0,3445.0,39.0,1.132075472,11.11111111,5.0,3.0,4.0,58500.0,107.2
200,E02000211,190.0,3293.0,27.0,0.819921045,14.21052632,5.0,3.0,3.0,61700.0,47.7
201,E02000212,440.0,3261.0,71.0,2.177246243,16.13636364,4.0,2.0,3.0,45900.0,68.7
202,E02000213,681.0,5390.0,105.0,1.948051948,15.4185022,4.0,2.0,3.0,46000.0,92.6
203,E02000214,122.0,2325.0,13.0,0.559139785,10.6557377,4.0,3.0,4.0,64300.0,60.5
204,E02000215,465.0,5257.0,70.0,1.331557923,15.05376344,5.0,3.0,4.0,53000.0,106.6
205,E02000216,135.0,2945.0,16.0,0.543293718,11.85185185,3.0,3.0,4.0,63900.0,30.8
206,E02000217,584.0,5021.0,65.0,1.294562836,11.13013699,4.0,2.0,3.0,50700.0,67.7
207,E02000218,351.0,2349.0,74.0,3.150276713,21.08262108,3.0,3.0,3.0,51300.0,58.3
208,E02000219,117.0,2984.0,16.0,0.536193029,13.67521368,5.0,4.0,4.0,62700.0,13.5
209,E02000221,528.0,3988.0,83.0,2.081243731,15.71969697,6.0,4.0,6.0,49600.0,35.0
210,E02000222,296.0,3637.0,34.0,0.934836404,11.48648649,3.0,3.0,4.0,64500.0,42.4
211,E02000223,645.0,2789.0,96.0,3.44209394,14.88372093,2.0,1.0,1.0,38600.0,87.1
212,E02000224,279.0,3273.0,32.0,0.977696303,11.46953405,4.0,3.0,5.0,59800.0,60.0
213,E02000225,333.0,2657.0,51.0,1.919458035,15.31531532,1.0,0.0,0.0,43000.0,46.2
214,E02000226,111.0,2784.0,16.0,0.574712644,14.41441441,3.0,3.0,4.0,64600.0,23.0
215,E02000227,408.0,4839.0,64.0,1.322587311,15.68627451,5.0,4.0,4.0,53200.0,24.8
216,E02000228,97.0,3010.0,10.0,0.332225914,10.30927835,3.0,3.0,4.0,68500.0,24.3
217,E02000229,357.0,2239.0,61.0,2.724430549,17.08683473,1.0,0.0,0.0,40200.0,48.3
218,E02000230,288.0,4232.0,37.0,0.874291115,12.84722222,4.0,3.0,4.0,62000.0,38.4
219,E02000231,113.0,2754.0,7.0,0.254175744,6.194690265,5.0,3.0,4.0,68900.0,22.9
220,E02000232,119.0,2372.0,17.0,0.716694772,14.28571429,3.0,2.0,2.0,57900.0,14.2
221,E02000233,189.0,2399.0,27.0,1.125468945,14.28571429,4.0,4.0,5.0,64200.0,38.7
222,E02000234,334.0,3722.0,37.0,0.994089199,11.07784431,3.0,3.0,4.0,59100.0,25.8
223,E02000235,163.0,2657.0,11.0,0.414000753,6.748466258,5.0,5.0,6.0,64500.0,12.9
224,E02000236,185.0,3307.0,29.0,0.876927729,15.67567568,2.0,2.0,2.0,66900.0,21.4
225,E02000237,149.0,3035.0,19.0,0.626029654,12.75167785,2.0,2.0,2.0,56400.0,15.1
226,E02000238,255.0,3736.0,32.0,0.856531049,12.54901961,6.0,2.0,7.0,58400.0,62.4
227,E02000239,124.0,2927.0,17.0,0.580799453,13.70967742,8.0,2.0,7.0,62600.0,38.2
228,E02000240,490.0,3900.0,49.0,1.256410256,10,6.0,1.0,1.0,50000.0,59.4
229,E02000241,224.0,2603.0,23.0,0.883595851,10.26785714,7.0,1.0,1.0,57600.0,50.9
230,E02000242,107.0,2229.0,7.0,0.314042171,6.542056075,4.0,1.0,6.0,57800.0,76.1
231,E02000243,220.0,3126.0,26.0,0.831733845,11.81818182,9.0,2.0,7.0,54900.0,29.9
232,E02000244,182.0,2939.0,24.0,0.816604287,13.18681319,6.0,2.0,7.0,55600.0,39.9
233,E02000245,494.0,3355.0,76.0,2.265275708,15.38461538,6.0,0.0,0.0,45400.0,49.3
234,E02000246,370.0,3071.0,48.0,1.563008792,12.97297297,7.0,1.0,1.0,49200.0,42.5
235,E02000247,432.0,3887.0,87.0,2.238229997,20.13888889,6.0,1.0,1.0,49200.0,73.7
236,E02000248,213.0,2991.0,31.0,1.036442661,14.55399061,4.0,0.0,0.0,59400.0,42.5
237,E02000249,195.0,2914.0,31.0,1.063829787,15.8974359,8.0,1.0,1.0,51300.0,60.4
238,E02000250,118.0,2541.0,13.0,0.511609603,11.01694915,4.0,0.0,0.0,82700.0,65.0
239,E02000251,130.0,2542.0,26.0,1.02281668,20,5.0,0.0,0.0,57100.0,84.0
240,E02000252,385.0,4412.0,48.0,1.087941976,12.46753247,6.0,0.0,0.0,49400.0,30.4
241,E02000253,419.0,3839.0,60.0,1.562907007,14.31980907,6.0,0.0,0.0,49900.0,83.3
242,E02000254,115.0,2607.0,20.0,0.767165324,17.39130435,6.0,0.0,0.0,50600.0,86.0
243,E02000255,315.0,3796.0,71.0,1.870389884,22.53968254,7.0,0.0,0.0,61200.0,61.1
244,E02000256,216.0,4028.0,28.0,0.695134062,12.96296296,5.0,0.0,0.0,73400.0,80.8
245,E02000258,170.0,2605.0,29.0,1.113243762,17.05882353,3.0,0.0,0.0,57300.0,65.2
246,E02000259,203.0,2394.0,24.0,1.002506266,11.8226601,5.0,0.0,0.0,68100.0,49.1
247,E02000260,138.0,2754.0,17.0,0.617283951,12.31884058,6.0,0.0,0.0,46500.0,80.2
248,E02000261,405.0,4975.0,54.0,1.085427136,13.33333333,5.0,1.0,1.0,55300.0,82.5
249,E02000262,244.0,3950.0,35.0,0.886075949,14.3442623,4.0,1.0,1.0,55900.0,126.2
250,E02000263,191.0,3647.0,40.0,1.096791884,20.94240838,5.0,0.0,0.0,45900.0,94.2
251,E02000264,152.0,3541.0,19.0,0.53657159,12.5,7.0,1.0,1.0,65600.0,56.4
252,E02000265,419.0,4737.0,66.0,1.39328689,15.75178998,5.0,0.0,0.0,58500.0,109.7
253,E02000266,424.0,4296.0,80.0,1.862197393,18.86792453,9.0,0.0,0.0,46500.0,31.9
254,E02000267,291.0,3215.0,38.0,1.181959565,13.05841924,3.0,0.0,0.0,61700.0,91.9
255,E02000268,187.0,3862.0,27.0,0.699119627,14.43850267,7.0,0.0,0.0,65800.0,70.6
256,E02000269,146.0,3303.0,13.0,0.393581592,8.904109589,6.0,0.0,0.0,77400.0,91.3
257,E02000270,324.0,4115.0,51.0,1.239368165,15.74074074,4.0,1.0,1.0,54400.0,101.0
258,E02000271,129.0,2976.0,10.0,0.336021505,7.751937984,4.0,1.0,1.0,83700.0,90.5
259,E02000272,125.0,2542.0,8.0,0.314712825,6.4,6.0,0.0,0.0,71200.0,56.3
260,E02000275,161.0,2348.0,21.0,0.894378194,13.04347826,5.0,0.0,0.0,47100.0,60.6
261,E02000276,169.0,2723.0,10.0,0.367242012,5.917159763,5.0,0.0,0.0,72200.0,79.9
262,E02000277,431.0,2627.0,63.0,2.398172821,14.61716937,4.0,0.0,0.0,48100.0,67.6
263,E02000278,584.0,3339.0,88.0,2.635519617,15.06849315,4.0,0.0,0.0,46000.0,67.2
264,E02000279,896.0,4416.0,136.0,3.079710145,15.17857143,4.0,0.0,0.0,47900.0,43.3
265,E02000280,338.0,3413.0,53.0,1.552886024,15.68047337,4.0,0.0,0.0,55500.0,5.5
266,E02000281,527.0,3548.0,75.0,2.113866967,14.23149905,6.0,0.0,0.0,49400.0,46.6
267,E02000282,754.0,3466.0,109.0,3.144835545,14.45623342,6.0,0.0,0.0,41500.0,72.2
268,E02000283,485.0,2799.0,79.0,2.822436584,16.28865979,5.0,0.0,0.0,49900.0,73.9
269,E02000284,353.0,3616.0,38.0,1.050884956,10.76487252,4.0,0.0,0.0,58800.0,63.9
270,E02000285,132.0,2462.0,14.0,0.568643379,10.60606061,6.0,0.0,0.0,66200.0,67.0
271,E02000286,302.0,4004.0,27.0,0.674325674,8.940397351,4.0,0.0,0.0,58600.0,39.8
272,E02000287,155.0,2873.0,18.0,0.626522798,11.61290323,5.0,0.0,0.0,58100.0,7.7
273,E02000288,647.0,4054.0,96.0,2.368031574,14.83771252,7.0,0.0,0.0,44900.0,49.6
274,E02000289,112.0,2420.0,19.0,0.785123967,16.96428571,6.0,0.0,0.0,66000.0,19.3
275,E02000290,528.0,2520.0,67.0,2.658730159,12.68939394,8.0,2.0,14.0,43100.0,14.8
276,E02000291,510.0,4328.0,59.0,1.363216266,11.56862745,6.0,0.0,0.0,53900.0,77.1
277,E02000292,425.0,3568.0,53.0,1.485426009,12.47058824,7.0,0.0,0.0,57000.0,50.7
278,E02000293,113.0,2490.0,6.0,0.240963855,5.309734513,6.0,0.0,0.0,68500.0,29.2
279,E02000294,450.0,3089.0,71.0,2.298478472,15.77777778,7.0,2.0,14.0,48000.0,59.2
280,E02000295,294.0,3350.0,40.0,1.194029851,13.60544218,8.0,0.0,0.0,61800.0,51.7
281,E02000296,364.0,4040.0,33.0,0.816831683,9.065934066,7.0,0.0,0.0,54600.0,52.9
282,E02000297,177.0,3473.0,18.0,0.518283904,10.16949153,7.0,0.0,0.0,61100.0,57.4
283,E02000298,137.0,3060.0,8.0,0.261437908,5.839416058,10.0,0.0,0.0,69500.0,39.9
284,E02000299,504.0,3315.0,65.0,1.960784314,12.8968254,7.0,0.0,0.0,43600.0,106.2
285,E02000300,399.0,3000.0,64.0,2.133333333,16.04010025,9.0,0.0,0.0,46500.0,105.0
286,E02000301,660.0,3723.0,91.0,2.444265377,13.78787879,10.0,3.0,43.0,42300.0,55.2
287,E02000302,219.0,3119.0,32.0,1.025969862,14.61187215,10.0,0.0,0.0,59400.0,52.7
288,E02000303,392.0,2976.0,64.0,2.150537634,16.32653061,8.0,0.0,0.0,41300.0,67.5
289,E02000304,104.0,2912.0,10.0,0.343406593,9.615384615,9.0,0.0,0.0,68100.0,47.0
290,E02000305,206.0,3455.0,25.0,0.723589001,12.13592233,7.0,0.0,0.0,66200.0,89.8
291,E02000306,585.0,3398.0,98.0,2.884049441,16.75213675,7.0,1.0,29.0,39200.0,43.8
292,E02000307,391.0,3342.0,38.0,1.137043686,9.718670077,9.0,0.0,0.0,52700.0,89.3
293,E02000308,312.0,3227.0,30.0,0.929656027,9.615384615,8.0,0.0,0.0,57000.0,67.4
294,E02000309,588.0,3991.0,92.0,2.30518667,15.6462585,7.0,1.0,29.0,42500.0,64.4
295,E02000311,358.0,3634.0,56.0,1.541001651,15.6424581,10.0,1.0,2.0,52800.0,69.7
296,E02000312,325.0,4494.0,25.0,0.556297285,7.692307692,10.0,1.0,2.0,59400.0,79.9
297,E02000313,394.0,2596.0,84.0,3.235747304,21.31979695,4.0,1.0,1.0,41400.0,89.9
298,E02000314,708.0,4534.0,92.0,2.029113366,12.99435028,9.0,2.0,3.0,53200.0,41.3
299,E02000315,514.0,3490.0,82.0,2.349570201,15.95330739,8.0,1.0,1.0,43800.0,76.1
300,E02000317,414.0,2820.0,69.0,2.446808511,16.66666667,5.0,1.0,2.0,47700.0,128.2
301,E02000318,362.0,3581.0,63.0,1.759285116,17.40331492,8.0,2.0,3.0,46500.0,89.1
302,E02000319,394.0,3918.0,53.0,1.352730985,13.45177665,6.0,2.0,3.0,49600.0,118.5
303,E02000320,302.0,2556.0,46.0,1.799687011,15.23178808,9.0,1.0,1.0,51600.0,45.4
304,E02000321,411.0,2959.0,62.0,2.095302467,15.08515815,5.0,2.0,3.0,42200.0,115.7
305,E02000323,591.0,4820.0,71.0,1.473029046,12.01353638,6.0,2.0,3.0,48100.0,140.2
306,E02000324,317.0,2853.0,49.0,1.717490361,15.45741325,5.0,1.0,2.0,49700.0,56.1
307,E02000326,230.0,3047.0,29.0,0.951755825,12.60869565,4.0,0.0,0.0,61500.0,96.8
308,E02000327,320.0,2636.0,57.0,2.162367223,17.8125,6.0,1.0,2.0,47000.0,36.7
309,E02000328,160.0,2945.0,23.0,0.78098472,14.375,7.0,1.0,2.0,69300.0,75.4
310,E02000329,246.0,2462.0,30.0,1.218521527,12.19512195,6.0,2.0,3.0,51000.0,35.1
311,E02000331,319.0,3191.0,50.0,1.566906926,15.67398119,5.0,1.0,2.0,53200.0,78.9
312,E02000332,232.0,3000.0,36.0,1.2,15.51724138,6.0,2.0,3.0,61900.0,35.9
313,E02000333,148.0,2886.0,18.0,0.623700624,12.16216216,7.0,1.0,8.0,72800.0,49.7
314,E02000334,210.0,2545.0,43.0,1.689587426,20.47619048,6.0,1.0,8.0,52700.0,46.7
315,E02000335,135.0,2592.0,19.0,0.733024691,14.07407407,6.0,0.0,0.0,66800.0,50.6
316,E02000337,275.0,3085.0,60.0,1.944894652,21.81818182,6.0,1.0,8.0,51800.0,56.5
317,E02000339,133.0,2592.0,21.0,0.810185185,15.78947368,3.0,0.0,0.0,62400.0,47.5
318,E02000340,168.0,3019.0,24.0,0.79496522,14.28571429,7.0,0.0,0.0,57200.0,18.6
319,E02000341,412.0,2939.0,81.0,2.756039469,19.66019417,10.0,2.0,9.0,46500.0,42.9
320,E02000342,216.0,2341.0,29.0,1.238786843,13.42592593,7.0,0.0,0.0,47500.0,47.4
321,E02000343,215.0,2695.0,32.0,1.187384045,14.88372093,6.0,0.0,0.0,52200.0,53.1
322,E02000344,136.0,2449.0,20.0,0.816659861,14.70588235,5.0,0.0,0.0,60400.0,49.4
323,E02000345,185.0,2590.0,22.0,0.849420849,11.89189189,8.0,5.0,12.0,44300.0,144.4
324,E02000346,553.0,3971.0,111.0,2.795265676,20.07233273,9.0,6.0,13.0,53200.0,104.6
325,E02000347,192.0,2581.0,32.0,1.239829523,16.66666667,8.0,5.0,12.0,45600.0,116.0
326,E02000348,317.0,2725.0,47.0,1.724770642,14.82649842,7.0,5.0,12.0,41500.0,145.4
327,E02000350,205.0,3693.0,32.0,0.866504197,15.6097561,8.0,6.0,18.0,60300.0,167.7
328,E02000351,301.0,4229.0,36.0,0.851265074,11.96013289,11.0,5.0,11.0,67400.0,163.1
329,E02000352,274.0,2689.0,60.0,2.231312756,21.89781022,11.0,6.0,18.0,61800.0,90.2
330,E02000353,154.0,3157.0,17.0,0.538485904,11.03896104,10.0,6.0,18.0,66800.0,139.4
331,E02000354,366.0,3995.0,73.0,1.827284105,19.94535519,8.0,7.0,20.0,50500.0,119.8
332,E02000355,242.0,3116.0,45.0,1.444159178,18.59504132,6.0,6.0,17.0,58300.0,129.3
333,E02000356,188.0,3062.0,32.0,1.045068583,17.0212766,9.0,6.0,17.0,70700.0,182.3
334,E02000357,421.0,2723.0,91.0,3.341902314,21.6152019,8.0,3.0,9.0,45000.0,41.6
335,E02000358,397.0,4818.0,66.0,1.369863014,16.62468514,11.0,8.0,22.0,56200.0,179.4
336,E02000359,234.0,2435.0,46.0,1.889117043,19.65811966,4.0,4.0,14.0,56600.0,150.7
337,E02000360,641.0,4850.0,104.0,2.144329897,16.22464899,7.0,6.0,17.0,49400.0,206.7
338,E02000361,295.0,3678.0,51.0,1.386623165,17.28813559,7.0,5.0,16.0,58700.0,128.6
339,E02000362,325.0,2802.0,84.0,2.997858672,25.84615385,8.0,4.0,24.0,51300.0,49.1
340,E02000363,728.0,4446.0,126.0,2.834008097,17.30769231,6.0,5.0,29.0,45300.0,181.8
341,E02000364,323.0,4098.0,62.0,1.512933138,19.19504644,9.0,7.0,20.0,62600.0,133.5
342,E02000366,341.0,3540.0,57.0,1.610169492,16.71554252,7.0,4.0,25.0,51700.0,132.3
343,E02000367,388.0,4592.0,53.0,1.154181185,13.65979381,10.0,6.0,47.0,66400.0,131.8
344,E02000368,416.0,4154.0,77.0,1.853635051,18.50961538,13.0,8.0,51.0,52300.0,151.5
345,E02000369,565.0,5929.0,81.0,1.366166301,14.33628319,16.0,8.0,51.0,61100.0,178.3
346,E02000370,423.0,3993.0,73.0,1.828199349,17.25768322,17.0,8.0,85.0,56600.0,170.1
347,E02000372,358.0,3877.0,65.0,1.676554037,18.15642458,11.0,5.0,11.0,48300.0,26.7
348,E02000373,390.0,2539.0,60.0,2.363135093,15.38461538,7.0,4.0,9.0,44600.0,163.3
349,E02000374,242.0,2612.0,46.0,1.761102603,19.00826446,5.0,2.0,3.0,58100.0,135.5
350,E02000375,325.0,3497.0,52.0,1.486988848,16,9.0,6.0,13.0,53800.0,93.9
351,E02000376,180.0,3184.0,26.0,0.816582915,14.44444444,5.0,2.0,3.0,54900.0,168.7
352,E02000377,255.0,3446.0,30.0,0.870574579,11.76470588,5.0,2.0,2.0,55900.0,184.2
353,E02000378,176.0,3248.0,20.0,0.615763547,11.36363636,7.0,4.0,7.0,60800.0,222.1
354,E02000379,193.0,3103.0,39.0,1.256848211,20.20725389,6.0,2.0,2.0,66500.0,111.7
355,E02000380,138.0,2499.0,15.0,0.600240096,10.86956522,6.0,2.0,2.0,71600.0,166.4
356,E02000381,214.0,3548.0,29.0,0.817361894,13.55140187,9.0,5.0,9.0,66200.0,140.5
357,E02000382,163.0,2772.0,31.0,1.118326118,19.01840491,6.0,2.0,2.0,66000.0,100.0
358,E02000383,189.0,4113.0,28.0,0.680768296,14.81481481,10.0,6.0,12.0,62200.0,157.1
359,E02000384,308.0,3806.0,43.0,1.12979506,13.96103896,7.0,3.0,4.0,54100.0,93.6
360,E02000385,90.0,2850.0,8.0,0.280701754,8.888888889,7.0,4.0,7.0,73100.0,154.1
361,E02000386,317.0,3365.0,67.0,1.991084695,21.13564669,8.0,5.0,10.0,50600.0,186.0
362,E02000387,184.0,2586.0,28.0,1.082753287,15.2173913,7.0,4.0,7.0,58700.0,153.8
363,E02000388,188.0,4126.0,22.0,0.533204072,11.70212766,10.0,7.0,17.0,66500.0,154.3
364,E02000389,149.0,3679.0,15.0,0.407719489,10.06711409,8.0,2.0,3.0,79100.0,131.4
365,E02000390,132.0,2719.0,21.0,0.772342773,15.90909091,7.0,3.0,5.0,64400.0,185.4
366,E02000391,160.0,3281.0,24.0,0.731484304,15,10.0,5.0,15.0,70000.0,116.2
367,E02000392,241.0,4037.0,32.0,0.792667823,13.2780083,7.0,2.0,4.0,65700.0,173.1
368,E02000393,103.0,2591.0,11.0,0.424546507,10.67961165,6.0,2.0,3.0,84900.0,169.4
369,E02000394,369.0,4348.0,62.0,1.425942962,16.80216802,9.0,3.0,10.0,62800.0,117.8
370,E02000395,91.0,2639.0,12.0,0.454717696,13.18681319,7.0,1.0,2.0,85400.0,61.4
371,E02000396,197.0,2767.0,31.0,1.120346946,15.73604061,7.0,2.0,4.0,66300.0,106.1
372,E02000397,319.0,3475.0,45.0,1.294964029,14.10658307,7.0,1.0,2.0,53000.0,138.6
373,E02000398,411.0,2881.0,74.0,2.568552586,18.00486618,7.0,1.0,2.0,39500.0,59.8
374,E02000400,340.0,3117.0,36.0,1.154956689,10.58823529,8.0,1.0,2.0,58000.0,57.5
375,E02000401,287.0,2475.0,45.0,1.818181818,15.67944251,7.0,2.0,4.0,45900.0,90.2
376,E02000402,372.0,2422.0,45.0,1.857968621,12.09677419,8.0,2.0,4.0,43700.0,70.5
377,E02000403,201.0,2989.0,22.0,0.736032118,10.94527363,8.0,1.0,2.0,57700.0,84.6
378,E02000404,248.0,2665.0,42.0,1.575984991,16.93548387,8.0,2.0,4.0,51800.0,114.1
379,E02000405,137.0,2465.0,15.0,0.60851927,10.94890511,12.0,2.0,4.0,78100.0,36.7
380,E02000406,231.0,2597.0,43.0,1.655756642,18.61471861,7.0,2.0,4.0,51800.0,153.4
381,E02000407,380.0,3005.0,49.0,1.630615641,12.89473684,6.0,1.0,2.0,46400.0,140.1
382,E02000408,386.0,3002.0,51.0,1.698867422,13.21243523,6.0,1.0,2.0,45100.0,147.0
383,E02000409,270.0,2369.0,47.0,1.983959477,17.40740741,8.0,3.0,7.0,44800.0,94.0
384,E02000410,146.0,2617.0,19.0,0.726022163,13.01369863,9.0,1.0,2.0,77300.0,89.0
385,E02000411,511.0,3953.0,82.0,2.074373893,16.04696673,7.0,2.0,3.0,49000.0,53.5
386,E02000412,259.0,2871.0,49.0,1.706722396,18.91891892,9.0,2.0,4.0,49200.0,89.6
387,E02000413,220.0,2961.0,30.0,1.013171226,13.63636364,9.0,1.0,11.0,70400.0,61.5
388,E02000414,251.0,2721.0,42.0,1.543550165,16.73306773,5.0,2.0,4.0,52500.0,175.2
389,E02000415,210.0,2836.0,33.0,1.163610719,15.71428571,7.0,4.0,9.0,54400.0,97.2
390,E02000416,313.0,3919.0,42.0,1.071701965,13.41853035,7.0,2.0,4.0,60100.0,119.1
391,E02000417,132.0,2870.0,22.0,0.766550523,16.66666667,10.0,2.0,4.0,78000.0,63.0
392,E02000418,108.0,2207.0,8.0,0.362483009,7.407407407,8.0,2.0,4.0,79800.0,77.2
393,E02000419,247.0,3650.0,42.0,1.150684932,17.00404858,8.0,4.0,9.0,58700.0,126.3
394,E02000420,313.0,3437.0,44.0,1.280186209,14.05750799,7.0,4.0,8.0,48700.0,128.8
395,E02000421,391.0,3140.0,59.0,1.878980892,15.08951407,5.0,3.0,6.0,45400.0,91.2
396,E02000422,300.0,2888.0,43.0,1.488919668,14.33333333,7.0,5.0,10.0,48400.0,144.2
397,E02000423,154.0,2674.0,35.0,1.308900524,22.72727273,8.0,5.0,10.0,59100.0,122.8
398,E02000424,184.0,2986.0,23.0,0.770261219,12.5,11.0,4.0,10.0,68400.0,108.1
399,E02000425,151.0,2162.0,20.0,0.92506938,13.24503311,6.0,5.0,12.0,45900.0,134.1
400,E02000426,127.0,2745.0,19.0,0.692167577,14.96062992,10.0,3.0,30.0,74500.0,30.2
401,E02000427,130.0,2871.0,17.0,0.592128178,13.07692308,13.0,7.0,15.0,59100.0,63.8
402,E02000428,313.0,2920.0,46.0,1.575342466,14.69648562,9.0,6.0,14.0,48400.0,117.7
403,E02000429,120.0,3202.0,9.0,0.281074329,7.5,9.0,3.0,7.0,79100.0,69.9
404,E02000430,153.0,3247.0,14.0,0.431167231,9.150326797,11.0,4.0,10.0,78300.0,112.6
405,E02000431,114.0,2844.0,13.0,0.457102672,11.40350877,6.0,2.0,5.0,81100.0,109.6
406,E02000432,117.0,2799.0,15.0,0.535905681,12.82051282,11.0,5.0,12.0,66400.0,120.4
407,E02000433,158.0,3539.0,29.0,0.81944052,18.35443038,2.0,0.0,0.0,57700.0,12.2
408,E02000434,164.0,3638.0,21.0,0.577240242,12.80487805,4.0,0.0,0.0,57300.0,43.8
409,E02000435,141.0,2810.0,27.0,0.960854093,19.14893617,3.0,0.0,0.0,56200.0,41.1
410,E02000436,58.0,2044.0,7.0,0.342465753,12.06896552,4.0,0.0,0.0,67600.0,12.2
411,E02000437,194.0,3091.0,28.0,0.90585571,14.43298969,4.0,0.0,0.0,55800.0,60.0
412,E02000438,179.0,3044.0,30.0,0.985545335,16.75977654,4.0,0.0,0.0,53700.0,45.2
413,E02000439,184.0,2947.0,23.0,0.7804547,12.5,6.0,0.0,0.0,55600.0,77.2
414,E02000440,112.0,3054.0,16.0,0.523903078,14.28571429,3.0,0.0,0.0,65300.0,64.0
415,E02000441,171.0,2793.0,25.0,0.89509488,14.61988304,4.0,0.0,0.0,60300.0,28.7
416,E02000442,107.0,2665.0,11.0,0.412757974,10.28037383,6.0,0.0,0.0,63300.0,76.4
417,E02000443,300.0,3548.0,43.0,1.211950395,14.33333333,4.0,0.0,0.0,52600.0,96.8
418,E02000444,136.0,2670.0,22.0,0.823970037,16.17647059,5.0,0.0,0.0,60400.0,77.7
419,E02000445,311.0,3820.0,45.0,1.178010471,14.46945338,5.0,0.0,0.0,51600.0,81.9
420,E02000447,143.0,2741.0,15.0,0.547245531,10.48951049,4.0,0.0,0.0,66100.0,33.2
421,E02000448,118.0,2761.0,20.0,0.724375226,16.94915254,4.0,0.0,0.0,70400.0,38.6
422,E02000449,123.0,2527.0,17.0,0.672734468,13.82113821,4.0,1.0,3.0,54800.0,88.6
423,E02000451,83.0,2328.0,4.0,0.171821306,4.819277108,5.0,0.0,0.0,73600.0,41.0
424,E02000452,239.0,3453.0,26.0,0.752968433,10.87866109,4.0,0.0,0.0,58000.0,73.1
425,E02000453,207.0,3047.0,17.0,0.557925829,8.212560386,4.0,0.0,0.0,61100.0,73.7
426,E02000454,83.0,2523.0,10.0,0.396353547,12.04819277,6.0,0.0,0.0,73500.0,45.2
427,E02000455,230.0,4760.0,26.0,0.546218487,11.30434783,5.0,0.0,0.0,61600.0,66.1
428,E02000456,124.0,2717.0,14.0,0.515274199,11.29032258,5.0,0.0,0.0,59400.0,76.3
429,E02000457,121.0,2563.0,11.0,0.429184549,9.090909091,5.0,0.0,0.0,63400.0,54.4
430,E02000459,270.0,3418.0,23.0,0.672908133,8.518518519,5.0,1.0,1.0,52300.0,68.6
431,E02000460,196.0,2417.0,33.0,1.36532892,16.83673469,7.0,1.0,1.0,55100.0,75.3
432,E02000461,147.0,2560.0,9.0,0.3515625,6.12244898,9.0,3.0,10.0,71300.0,26.1
433,E02000462,131.0,2289.0,13.0,0.567933595,9.923664122,4.0,1.0,1.0,55000.0,66.4
434,E02000463,212.0,2835.0,36.0,1.26984127,16.98113208,5.0,1.0,1.0,56100.0,90.7
435,E02000464,301.0,2873.0,41.0,1.427079708,13.62126246,2.0,0.0,0.0,44700.0,11.0
436,E02000465,368.0,3493.0,56.0,1.603206413,15.2173913,2.0,0.0,0.0,47300.0,28.3
437,E02000466,360.0,3291.0,65.0,1.975083561,18.05555556,2.0,1.0,1.0,48300.0,13.2
438,E02000467,663.0,4288.0,102.0,2.378731343,15.38461538,3.0,0.0,0.0,40100.0,71.0
439,E02000468,265.0,3163.0,29.0,0.916851091,10.94339623,2.0,1.0,1.0,50400.0,19.0
440,E02000469,293.0,2697.0,41.0,1.520207638,13.99317406,4.0,0.0,0.0,45700.0,37.6
441,E02000470,224.0,4130.0,25.0,0.605326877,11.16071429,3.0,0.0,0.0,57100.0,11.7
442,E02000471,116.0,2945.0,11.0,0.373514431,9.482758621,4.0,1.0,1.0,59400.0,34.8
443,E02000472,248.0,3529.0,31.0,0.878435818,12.5,4.0,1.0,1.0,55000.0,58.5
444,E02000473,257.0,4023.0,37.0,0.919711658,14.39688716,5.0,0.0,0.0,58200.0,33.6
445,E02000474,312.0,3536.0,38.0,1.074660633,12.17948718,5.0,2.0,5.0,50200.0,37.8
446,E02000475,272.0,3960.0,29.0,0.732323232,10.66176471,6.0,1.0,1.0,57100.0,32.8
447,E02000476,396.0,4200.0,65.0,1.547619048,16.41414141,4.0,1.0,1.0,49000.0,53.7
448,E02000477,169.0,3712.0,24.0,0.646551724,14.20118343,4.0,0.0,0.0,63400.0,53.5
449,E02000478,56.0,2152.0,6.0,0.278810409,10.71428571,4.0,0.0,0.0,59400.0,23.6
450,E02000479,375.0,3789.0,50.0,1.319609396,13.33333333,4.0,0.0,0.0,53200.0,59.2
451,E02000480,559.0,5010.0,88.0,1.756487026,15.74239714,6.0,1.0,4.0,52900.0,29.0
452,E02000481,210.0,3243.0,20.0,0.61671292,9.523809524,2.0,0.0,0.0,54700.0,6.4
453,E02000482,66.0,2577.0,2.0,0.077609624,3.03030303,3.0,0.0,0.0,67700.0,22.6
454,E02000483,230.0,3478.0,34.0,0.977573318,14.7826087,4.0,0.0,0.0,49100.0,47.5
455,E02000484,155.0,3251.0,16.0,0.49215626,10.32258065,4.0,0.0,0.0,56000.0,44.3
456,E02000485,228.0,3454.0,32.0,0.926462073,14.03508772,3.0,0.0,0.0,59400.0,38.1
457,E02000486,139.0,2995.0,17.0,0.567612688,12.23021583,3.0,0.0,0.0,54200.0,57.8
458,E02000487,67.0,2944.0,4.0,0.135869565,5.970149254,3.0,0.0,0.0,67800.0,6.1
459,E02000488,105.0,3012.0,12.0,0.398406375,11.42857143,4.0,1.0,1.0,59200.0,40.6
460,E02000489,254.0,3261.0,43.0,1.318613922,16.92913386,5.0,1.0,1.0,54200.0,30.3
461,E02000490,240.0,3227.0,39.0,1.208552835,16.25,3.0,1.0,1.0,49400.0,38.2
462,E02000491,458.0,3933.0,70.0,1.779811848,15.28384279,3.0,1.0,1.0,46000.0,18.4
463,E02000492,160.0,2620.0,18.0,0.687022901,11.25,5.0,2.0,2.0,51000.0,4.5
464,E02000493,278.0,2499.0,37.0,1.480592237,13.30935252,2.0,1.0,1.0,46700.0,48.2
465,E02000494,116.0,3215.0,12.0,0.373250389,10.34482759,4.0,0.0,0.0,60700.0,12.0
466,E02000495,274.0,4306.0,32.0,0.743149094,11.67883212,5.0,0.0,0.0,57400.0,34.7
467,E02000496,239.0,3178.0,45.0,1.415984896,18.82845188,4.0,0.0,0.0,54300.0,4.9
468,E02000497,240.0,3693.0,33.0,0.893582453,13.75,6.0,0.0,0.0,59900.0,31.6
469,E02000498,144.0,2635.0,12.0,0.45540797,8.333333333,6.0,0.0,0.0,59400.0,19.2
470,E02000499,88.0,3013.0,10.0,0.331895121,11.36363636,6.0,0.0,0.0,68400.0,48.3
471,E02000500,132.0,3310.0,14.0,0.422960725,10.60606061,6.0,0.0,0.0,62900.0,26.6
472,E02000501,177.0,3273.0,27.0,0.824931256,15.25423729,5.0,0.0,0.0,65900.0,57.4
473,E02000502,214.0,3531.0,19.0,0.538091192,8.878504673,7.0,1.0,1.0,65100.0,18.3
474,E02000503,153.0,3253.0,15.0,0.461112819,9.803921569,6.0,0.0,0.0,70400.0,65.1
475,E02000504,90.0,2922.0,8.0,0.273785079,8.888888889,3.0,1.0,1.0,69000.0,24.1
476,E02000506,110.0,2900.0,9.0,0.310344828,8.181818182,5.0,3.0,4.0,64600.0,13.7
477,E02000507,186.0,2778.0,18.0,0.647948164,9.677419355,6.0,3.0,4.0,64800.0,29.5
478,E02000508,287.0,4337.0,36.0,0.830066866,12.54355401,4.0,4.0,6.0,54800.0,33.4
479,E02000509,266.0,3402.0,37.0,1.087595532,13.90977444,3.0,3.0,5.0,49200.0,48.8
480,E02000510,189.0,3266.0,26.0,0.796080833,13.75661376,6.0,4.0,6.0,59000.0,40.5
481,E02000511,215.0,3263.0,33.0,1.011339258,15.34883721,5.0,2.0,2.0,55700.0,39.5
482,E02000512,300.0,3102.0,55.0,1.773049645,18.33333333,4.0,3.0,4.0,50600.0,56.8
483,E02000513,427.0,3323.0,66.0,1.986157087,15.45667447,6.0,1.0,1.0,48100.0,61.0
484,E02000514,191.0,3176.0,38.0,1.196473552,19.89528796,5.0,1.0,1.0,53400.0,81.9
485,E02000515,507.0,5347.0,87.0,1.627080606,17.15976331,4.0,3.0,5.0,51900.0,33.1
486,E02000516,267.0,2815.0,52.0,1.847246892,19.47565543,7.0,0.0,0.0,54200.0,50.0
487,E02000517,306.0,3325.0,45.0,1.353383459,14.70588235,8.0,4.0,5.0,52100.0,55.8
488,E02000518,422.0,3328.0,56.0,1.682692308,13.27014218,6.0,4.0,5.0,53800.0,34.1
489,E02000519,279.0,3022.0,39.0,1.290536069,13.97849462,9.0,2.0,2.0,47900.0,47.7
490,E02000520,398.0,4454.0,60.0,1.347103727,15.07537688,9.0,3.0,4.0,50500.0,25.8
491,E02000521,391.0,4354.0,56.0,1.286173633,14.32225064,4.0,2.0,3.0,55000.0,40.4
492,E02000522,349.0,3489.0,60.0,1.719690456,17.19197708,2.0,1.0,2.0,53900.0,55.1
493,E02000523,241.0,3685.0,37.0,1.004070556,15.3526971,3.0,1.0,1.0,53700.0,58.5
494,E02000524,201.0,2643.0,40.0,1.513431706,19.90049751,6.0,2.0,3.0,57500.0,3.2
495,E02000525,309.0,3319.0,50.0,1.506477855,16.18122977,5.0,1.0,1.0,53100.0,21.7
496,E02000526,124.0,3618.0,17.0,0.469872858,13.70967742,6.0,2.0,2.0,78500.0,90.7
497,E02000529,225.0,3036.0,44.0,1.449275362,19.55555556,7.0,1.0,1.0,48700.0,71.5
498,E02000530,278.0,2518.0,51.0,2.025416998,18.34532374,7.0,1.0,1.0,43600.0,25.1
499,E02000531,348.0,4942.0,49.0,0.991501416,14.08045977,9.0,2.0,3.0,58800.0,40.4
500,E02000532,222.0,3820.0,28.0,0.732984293,12.61261261,7.0,2.0,2.0,67800.0,40.0
501,E02000533,213.0,3688.0,25.0,0.677874187,11.7370892,5.0,1.0,1.0,72200.0,79.0
502,E02000534,133.0,3002.0,15.0,0.499666889,11.27819549,10.0,2.0,2.0,65400.0,16.5
503,E02000535,122.0,3007.0,18.0,0.598603259,14.75409836,6.0,1.0,1.0,56100.0,60.0
504,E02000536,210.0,3249.0,37.0,1.138811942,17.61904762,7.0,1.0,1.0,54100.0,57.7
505,E02000537,132.0,3155.0,6.0,0.190174326,4.545454545,7.0,2.0,2.0,61700.0,45.7
506,E02000538,175.0,3005.0,28.0,0.931780366,16,5.0,2.0,2.0,53700.0,36.8
507,E02000539,402.0,4728.0,48.0,1.015228426,11.94029851,8.0,3.0,4.0,61600.0,65.3
508,E02000540,406.0,4487.0,46.0,1.025183864,11.33004926,5.0,2.0,2.0,55500.0,73.7
509,E02000541,212.0,3278.0,31.0,0.945698597,14.62264151,4.0,1.0,1.0,50000.0,84.2
510,E02000542,278.0,3951.0,42.0,1.06302202,15.10791367,6.0,1.0,1.0,52100.0,89.8
511,E02000543,419.0,4891.0,41.0,0.838274382,9.785202864,7.0,2.0,2.0,58100.0,102.3
512,E02000544,106.0,2921.0,15.0,0.513522766,14.1509434,6.0,2.0,2.0,62900.0,59.2
513,E02000545,369.0,3548.0,85.0,2.395715896,23.03523035,8.0,3.0,4.0,54300.0,62.2
514,E02000546,222.0,3160.0,32.0,1.012658228,14.41441441,7.0,3.0,3.0,54000.0,39.6
515,E02000547,322.0,3854.0,45.0,1.167618059,13.97515528,5.0,2.0,2.0,50800.0,28.7
516,E02000548,354.0,3727.0,53.0,1.422055272,14.97175141,2.0,1.0,1.0,48100.0,25.8
517,E02000549,284.0,4083.0,34.0,0.832721038,11.97183099,6.0,2.0,2.0,54100.0,44.9
518,E02000550,360.0,3719.0,68.0,1.828448508,18.88888889,3.0,2.0,2.0,51800.0,110.1
519,E02000551,400.0,3418.0,68.0,1.989467525,17,6.0,2.0,2.0,45500.0,40.5
520,E02000552,280.0,3359.0,30.0,0.893122953,10.71428571,3.0,2.0,2.0,56300.0,27.0
521,E02000553,224.0,2598.0,25.0,0.962278676,11.16071429,5.0,2.0,2.0,51900.0,26.2
522,E02000554,456.0,4201.0,80.0,1.904308498,17.54385965,12.0,3.0,8.0,51700.0,144.1
523,E02000555,336.0,4033.0,43.0,1.066203818,12.79761905,11.0,2.0,5.0,58600.0,157.8
524,E02000556,327.0,4949.0,60.0,1.212366135,18.34862385,13.0,4.0,10.0,62000.0,153.7
525,E02000557,310.0,4139.0,51.0,1.232181686,16.4516129,12.0,4.0,23.0,60100.0,114.7
526,E02000558,477.0,3959.0,87.0,2.197524627,18.23899371,13.0,4.0,10.0,47300.0,184.3
527,E02000559,219.0,3991.0,37.0,0.927085943,16.89497717,15.0,7.0,18.0,80100.0,152.2
528,E02000560,207.0,3274.0,32.0,0.977397679,15.4589372,16.0,5.0,14.0,63200.0,140.6
529,E02000561,156.0,3164.0,27.0,0.85335019,17.30769231,15.0,5.0,27.0,72400.0,126.3
530,E02000562,245.0,3485.0,41.0,1.176470588,16.73469388,13.0,6.0,16.0,67900.0,122.4
531,E02000563,428.0,3856.0,93.0,2.411825726,21.72897196,15.0,3.0,8.0,55600.0,146.4
532,E02000564,404.0,5665.0,65.0,1.147396293,16.08910891,17.0,5.0,14.0,68700.0,129.9
533,E02000565,374.0,3496.0,89.0,2.54576659,23.79679144,11.0,7.0,21.0,57700.0,159.7
534,E02000566,220.0,3837.0,30.0,0.781860829,13.63636364,16.0,6.0,19.0,82000.0,116.6
535,E02000567,353.0,4896.0,71.0,1.450163399,20.11331445,13.0,5.0,14.0,67200.0,155.9
536,E02000568,464.0,4666.0,96.0,2.057436777,20.68965517,19.0,5.0,20.0,52700.0,106.6
537,E02000569,464.0,4603.0,79.0,1.716271997,17.02586207,17.0,7.0,25.0,62100.0,143.1
538,E02000570,212.0,3993.0,42.0,1.051840721,19.81132075,17.0,6.0,22.0,81400.0,143.3
539,E02000571,372.0,4123.0,76.0,1.843317972,20.43010753,13.0,6.0,34.0,62000.0,161.3
540,E02000572,376.0,3526.0,80.0,2.268859898,21.27659574,18.0,7.0,87.0,48000.0,186.9
541,E02000573,288.0,4922.0,55.0,1.117431938,19.09722222,22.0,10.0,96.0,81200.0,119.6
542,E02000574,209.0,3608.0,28.0,0.776053215,13.39712919,20.0,9.0,91.0,60600.0,139.8
543,E02000575,374.0,5167.0,67.0,1.296690536,17.9144385,21.0,11.0,96.0,64100.0,127.9
544,E02000576,547.0,4950.0,97.0,1.95959596,17.73308958,20.0,12.0,119.0,56700.0,124.2
545,E02000577,320.0,3175.0,44.0,1.385826772,13.75,13.0,4.0,10.0,42200.0,82.6
546,E02000578,310.0,2311.0,50.0,2.163565556,16.12903226,9.0,4.0,10.0,45100.0,112.9
547,E02000579,265.0,3820.0,38.0,0.994764398,14.33962264,11.0,5.0,11.0,54900.0,141.1
548,E02000580,248.0,3988.0,37.0,0.92778335,14.91935484,12.0,5.0,12.0,52500.0,218.5
549,E02000581,277.0,3007.0,55.0,1.829065514,19.85559567,12.0,6.0,13.0,44200.0,169.2
550,E02000582,116.0,3271.0,11.0,0.336288597,9.482758621,12.0,6.0,15.0,70200.0,157.0
551,E02000583,122.0,3120.0,20.0,0.641025641,16.39344262,12.0,6.0,13.0,76500.0,126.9
552,E02000584,162.0,3333.0,30.0,0.900090009,18.51851852,15.0,9.0,17.0,91100.0,89.7
553,E02000585,160.0,3384.0,19.0,0.561465721,11.875,12.0,7.0,14.0,66500.0,92.4
554,E02000586,95.0,2881.0,6.0,0.20826102,6.315789474,10.0,7.0,18.0,90300.0,147.9
555,E02000587,107.0,3026.0,3.0,0.09914078,2.803738318,12.0,8.0,15.0,80000.0,144.0
556,E02000588,100.0,3081.0,9.0,0.29211295,9,9.0,8.0,27.0,85700.0,106.4
557,E02000589,87.0,3658.0,15.0,0.410060142,17.24137931,9.0,8.0,19.0,67000.0,227.7
558,E02000590,121.0,3050.0,23.0,0.754098361,19.00826446,9.0,7.0,20.0,58800.0,152.3
559,E02000591,149.0,3243.0,30.0,0.92506938,20.13422819,10.0,8.0,19.0,57000.0,187.6
560,E02000592,93.0,2838.0,4.0,0.140944327,4.301075269,9.0,8.0,22.0,91100.0,119.2
561,E02000593,134.0,3688.0,11.0,0.298264642,8.208955224,9.0,7.0,17.0,73800.0,153.0
562,E02000594,114.0,2920.0,12.0,0.410958904,10.52631579,9.0,6.0,18.0,70000.0,93.7
563,E02000595,96.0,3029.0,15.0,0.495212942,15.625,11.0,7.0,20.0,73900.0,115.4
564,E02000596,115.0,3072.0,14.0,0.455729167,12.17391304,9.0,6.0,16.0,84400.0,142.1
565,E02000597,220.0,2995.0,37.0,1.235392321,16.81818182,9.0,5.0,14.0,50200.0,180.5
566,E02000598,165.0,2970.0,15.0,0.505050505,9.090909091,6.0,2.0,7.0,72600.0,58.9
567,E02000599,85.0,2352.0,12.0,0.510204082,14.11764706,6.0,2.0,7.0,68600.0,17.5
568,E02000600,257.0,3379.0,22.0,0.651080201,8.560311284,4.0,2.0,7.0,64100.0,74.4
569,E02000601,307.0,4856.0,31.0,0.638385502,10.09771987,5.0,2.0,7.0,74600.0,97.2
570,E02000602,330.0,4045.0,47.0,1.161928307,14.24242424,5.0,2.0,7.0,51000.0,87.1
571,E02000603,265.0,2950.0,47.0,1.593220339,17.73584906,5.0,2.0,7.0,57600.0,59.4
572,E02000604,209.0,3559.0,22.0,0.618151166,10.52631579,4.0,1.0,1.0,64900.0,56.0
573,E02000605,149.0,3115.0,24.0,0.77046549,16.10738255,6.0,3.0,8.0,65600.0,54.7
574,E02000606,198.0,4810.0,10.0,0.207900208,5.050505051,4.0,2.0,7.0,66900.0,67.5
575,E02000607,92.0,2580.0,10.0,0.387596899,10.86956522,5.0,2.0,7.0,68800.0,47.4
576,E02000608,139.0,3406.0,16.0,0.469759248,11.51079137,4.0,2.0,7.0,63900.0,85.2
577,E02000609,145.0,2738.0,16.0,0.584368152,11.03448276,6.0,2.0,2.0,56600.0,50.4
578,E02000610,224.0,3878.0,23.0,0.593089221,10.26785714,4.0,3.0,8.0,60700.0,68.6
579,E02000611,75.0,2652.0,9.0,0.339366516,12,5.0,3.0,8.0,69700.0,40.6
580,E02000612,112.0,3078.0,17.0,0.552306693,15.17857143,6.0,2.0,2.0,65500.0,42.5
581,E02000613,218.0,3192.0,33.0,1.033834586,15.13761468,3.0,2.0,2.0,66500.0,65.2
582,E02000614,226.0,3372.0,29.0,0.860023725,12.83185841,6.0,3.0,3.0,57900.0,28.5
583,E02000615,176.0,2957.0,13.0,0.439634765,7.386363636,3.0,2.0,2.0,61000.0,45.7
584,E02000616,152.0,2390.0,12.0,0.50209205,7.894736842,2.0,2.0,2.0,65600.0,46.0
585,E02000617,225.0,3345.0,32.0,0.956651719,14.22222222,1.0,1.0,1.0,57100.0,12.1
586,E02000619,414.0,4055.0,80.0,1.972872996,19.3236715,14.0,9.0,40.0,53600.0,146.9
587,E02000620,402.0,4587.0,65.0,1.41704818,16.16915423,14.0,9.0,40.0,59100.0,129.0
588,E02000621,351.0,6009.0,49.0,0.815443501,13.96011396,13.0,7.0,36.0,62900.0,143.1
589,E02000622,269.0,3636.0,42.0,1.155115512,15.6133829,12.0,7.0,38.0,62700.0,104.0
590,E02000623,381.0,3329.0,61.0,1.832382097,16.01049869,11.0,6.0,35.0,50600.0,174.2
591,E02000624,391.0,4274.0,58.0,1.357042583,14.83375959,10.0,5.0,31.0,59100.0,138.6
592,E02000625,447.0,3801.0,62.0,1.631149697,13.87024609,9.0,3.0,18.0,53900.0,150.6
593,E02000626,473.0,3449.0,74.0,2.145549435,15.6448203,9.0,4.0,34.0,45300.0,149.4
594,E02000627,347.0,3922.0,54.0,1.376848547,15.56195965,10.0,4.0,29.0,59900.0,181.9
595,E02000628,476.0,4478.0,89.0,1.987494417,18.69747899,9.0,4.0,34.0,47600.0,148.4
596,E02000629,187.0,4013.0,36.0,0.897084475,19.2513369,8.0,2.0,11.0,71400.0,140.8
597,E02000630,184.0,3429.0,31.0,0.90405366,16.84782609,8.0,1.0,9.0,73100.0,107.1
598,E02000631,254.0,3736.0,45.0,1.204496788,17.71653543,9.0,5.0,43.0,65600.0,83.0
599,E02000632,180.0,4261.0,35.0,0.821403426,19.44444444,8.0,1.0,9.0,78200.0,180.2
600,E02000633,358.0,3960.0,67.0,1.691919192,18.7150838,7.0,3.0,27.0,57300.0,136.9
601,E02000634,245.0,3104.0,30.0,0.966494845,12.24489796,8.0,1.0,9.0,61900.0,131.4
602,E02000635,323.0,4335.0,51.0,1.176470588,15.78947368,10.0,5.0,36.0,64500.0,73.7
603,E02000636,114.0,3080.0,15.0,0.487012987,13.15789474,7.0,1.0,9.0,90700.0,82.7
604,E02000637,167.0,3703.0,27.0,0.729138536,16.16766467,6.0,2.0,11.0,71300.0,148.7
605,E02000638,411.0,4107.0,60.0,1.46092038,14.59854015,6.0,2.0,11.0,57600.0,144.5
606,E02000639,342.0,3725.0,53.0,1.422818792,15.49707602,6.0,2.0,11.0,51300.0,139.0
607,E02000640,252.0,3805.0,43.0,1.130091984,17.06349206,6.0,1.0,9.0,75300.0,111.5
608,E02000641,512.0,3393.0,83.0,2.446212791,16.2109375,5.0,2.0,11.0,49400.0,143.9
609,E02000642,386.0,4171.0,76.0,1.822105011,19.68911917,7.0,4.0,23.0,62700.0,88.8
610,E02000643,287.0,3949.0,31.0,0.785008863,10.80139373,3.0,1.0,2.0,62600.0,119.4
611,E02000644,318.0,3495.0,33.0,0.944206009,10.37735849,3.0,2.0,7.0,64100.0,95.3
612,E02000645,374.0,4045.0,38.0,0.939431397,10.16042781,5.0,2.0,7.0,64600.0,79.6
613,E02000646,248.0,3907.0,20.0,0.511901715,8.064516129,3.0,1.0,2.0,66700.0,96.2
614,E02000647,297.0,3422.0,37.0,1.081239041,12.45791246,4.0,2.0,7.0,62700.0,87.7
615,E02000648,473.0,3193.0,73.0,2.286251174,15.43340381,4.0,2.0,7.0,48800.0,110.6
616,E02000649,430.0,5304.0,68.0,1.282051282,15.81395349,5.0,1.0,2.0,59600.0,108.0
617,E02000650,354.0,3277.0,73.0,2.227647238,20.62146893,3.0,2.0,7.0,55500.0,96.2
618,E02000651,265.0,3481.0,35.0,1.005458202,13.20754717,4.0,1.0,2.0,61600.0,76.7
619,E02000652,207.0,2544.0,22.0,0.864779874,10.62801932,5.0,0.0,0.0,59800.0,107.1
620,E02000653,462.0,5293.0,80.0,1.511430191,17.31601732,10.0,5.0,27.0,57100.0,126.3
621,E02000654,512.0,3595.0,81.0,2.253129346,15.8203125,8.0,3.0,19.0,44900.0,85.2
622,E02000655,399.0,4003.0,63.0,1.573819635,15.78947368,10.0,5.0,34.0,52000.0,83.9
623,E02000657,348.0,3989.0,56.0,1.403860617,16.09195402,9.0,3.0,13.0,51800.0,103.9
624,E02000658,278.0,3458.0,41.0,1.185656449,14.74820144,9.0,5.0,28.0,57800.0,107.4
625,E02000659,305.0,3544.0,51.0,1.439051919,16.72131148,11.0,4.0,13.0,65200.0,75.0
626,E02000660,265.0,3604.0,42.0,1.165371809,15.8490566,8.0,2.0,4.0,61700.0,99.4
627,E02000661,191.0,3048.0,24.0,0.787401575,12.56544503,10.0,3.0,11.0,67200.0,49.3
628,E02000662,346.0,3303.0,49.0,1.483499849,14.16184971,8.0,3.0,13.0,55700.0,105.2
629,E02000663,205.0,2818.0,34.0,1.206529454,16.58536585,10.0,3.0,12.0,62200.0,109.6
630,E02000665,248.0,3414.0,26.0,0.761570006,10.48387097,8.0,3.0,11.0,60400.0,98.9
631,E02000666,217.0,2736.0,33.0,1.206140351,15.20737327,11.0,4.0,13.0,57500.0,76.9
632,E02000667,157.0,2522.0,22.0,0.872323553,14.01273885,8.0,2.0,3.0,69500.0,89.8
633,E02000668,218.0,2727.0,33.0,1.210121012,15.13761468,7.0,2.0,9.0,66700.0,66.0
634,E02000669,308.0,3309.0,42.0,1.269265639,13.63636364,8.0,3.0,11.0,61500.0,117.0
635,E02000670,380.0,2784.0,43.0,1.54454023,11.31578947,6.0,3.0,11.0,49000.0,105.2
636,E02000671,302.0,3683.0,39.0,1.058919359,12.91390728,7.0,1.0,2.0,62700.0,84.5
637,E02000672,480.0,4199.0,61.0,1.45272684,12.70833333,8.0,3.0,11.0,53200.0,72.3
638,E02000673,253.0,3495.0,29.0,0.829756795,11.46245059,8.0,3.0,14.0,65200.0,75.5
639,E02000674,237.0,3061.0,25.0,0.81672656,10.54852321,7.0,2.0,9.0,60700.0,98.0
640,E02000675,308.0,3421.0,47.0,1.37386729,15.25974026,9.0,2.0,9.0,58600.0,57.2
641,E02000676,274.0,3188.0,42.0,1.317440402,15.32846715,5.0,1.0,2.0,66400.0,103.4
642,E02000677,199.0,2641.0,29.0,1.098068913,14.57286432,9.0,3.0,11.0,58700.0,68.5
643,E02000678,360.0,2613.0,66.0,2.525832377,18.33333333,9.0,2.0,9.0,48500.0,58.9
644,E02000679,341.0,3372.0,57.0,1.690391459,16.71554252,7.0,3.0,9.0,56800.0,84.2
645,E02000680,336.0,2915.0,44.0,1.509433962,13.0952381,5.0,1.0,5.0,56400.0,89.2
646,E02000681,384.0,3352.0,47.0,1.402147971,12.23958333,7.0,3.0,5.0,48200.0,59.8
647,E02000682,492.0,3217.0,98.0,3.046316444,19.91869919,7.0,1.0,1.0,48000.0,68.6
648,E02000683,309.0,2724.0,61.0,2.239353891,19.74110032,7.0,1.0,1.0,47000.0,67.2
649,E02000685,382.0,3426.0,63.0,1.838879159,16.4921466,7.0,3.0,9.0,53700.0,79.4
650,E02000686,482.0,3045.0,63.0,2.068965517,13.07053942,9.0,2.0,3.0,42900.0,38.6
651,E02000687,359.0,3458.0,53.0,1.532677848,14.7632312,6.0,2.0,7.0,55700.0,102.0
652,E02000689,237.0,3513.0,22.0,0.626245374,9.282700422,6.0,1.0,3.0,81200.0,42.4
653,E02000690,69.0,2220.0,4.0,0.18018018,5.797101449,5.0,0.0,0.0,76500.0,10.5
654,E02000691,121.0,2957.0,12.0,0.405816706,9.917355372,6.0,1.0,3.0,84000.0,79.0
655,E02000692,106.0,3571.0,7.0,0.196023523,6.603773585,4.0,0.0,0.0,85900.0,67.0
656,E02000693,184.0,4285.0,25.0,0.583430572,13.58695652,6.0,1.0,3.0,71100.0,87.6
657,E02000694,200.0,3837.0,24.0,0.625488663,12,6.0,1.0,3.0,80400.0,112.8
658,E02000695,129.0,2941.0,12.0,0.408024481,9.302325581,5.0,1.0,3.0,63800.0,102.8
659,E02000696,226.0,3266.0,29.0,0.887936314,12.83185841,4.0,1.0,3.0,58100.0,108.9
660,E02000697,134.0,3664.0,5.0,0.136462882,3.731343284,5.0,1.0,3.0,86400.0,70.9
661,E02000698,147.0,3181.0,15.0,0.471549827,10.20408163,4.0,0.0,0.0,80900.0,44.5
662,E02000699,103.0,3263.0,8.0,0.245173154,7.766990291,4.0,0.0,0.0,85500.0,82.6
663,E02000700,332.0,3358.0,57.0,1.697438952,17.1686747,5.0,1.0,3.0,51400.0,89.9
664,E02000701,226.0,3110.0,39.0,1.254019293,17.25663717,5.0,1.0,3.0,55000.0,88.0
665,E02000702,394.0,3367.0,44.0,1.306801307,11.16751269,8.0,2.0,4.0,52600.0,49.0
666,E02000703,112.0,2937.0,11.0,0.374531835,9.821428571,6.0,1.0,3.0,73000.0,53.1
667,E02000704,212.0,3575.0,40.0,1.118881119,18.86792453,5.0,0.0,0.0,63500.0,46.3
668,E02000705,190.0,3112.0,19.0,0.610539846,10,3.0,0.0,0.0,59200.0,65.4
669,E02000706,423.0,3533.0,68.0,1.924709878,16.07565012,5.0,1.0,3.0,49300.0,95.1
670,E02000707,358.0,2780.0,51.0,1.834532374,14.24581006,5.0,1.0,1.0,48000.0,64.6
671,E02000708,141.0,3255.0,17.0,0.522273425,12.05673759,6.0,1.0,1.0,72100.0,50.3
672,E02000709,95.0,2870.0,12.0,0.418118467,12.63157895,7.0,1.0,1.0,68900.0,44.9
673,E02000710,266.0,3441.0,29.0,0.842778262,10.90225564,8.0,2.0,4.0,50200.0,25.8
674,E02000711,261.0,3458.0,36.0,1.041064199,13.79310345,7.0,1.0,3.0,52400.0,61.3
675,E02000712,248.0,3404.0,39.0,1.145710928,15.72580645,5.0,0.0,0.0,50100.0,53.4
676,E02000713,147.0,2829.0,16.0,0.565570873,10.88435374,7.0,1.0,1.0,63700.0,48.8
677,E02000714,217.0,2647.0,39.0,1.473366075,17.97235023,10.0,4.0,12.0,52200.0,148.0
678,E02000715,232.0,2090.0,29.0,1.387559809,12.5,8.0,7.0,14.0,41400.0,172.9
679,E02000716,249.0,2299.0,23.0,1.000434972,9.236947791,10.0,7.0,17.0,50100.0,47.0
680,E02000717,227.0,2396.0,34.0,1.41903172,14.97797357,8.0,6.0,13.0,43000.0,162.4
681,E02000718,261.0,2249.0,38.0,1.68963984,14.55938697,8.0,6.0,10.0,44800.0,109.5
682,E02000719,239.0,2875.0,40.0,1.391304348,16.73640167,10.0,3.0,9.0,50900.0,118.3
683,E02000720,123.0,2124.0,20.0,0.941619586,16.2601626,10.0,4.0,9.0,50200.0,142.6
684,E02000721,205.0,2765.0,30.0,1.084990958,14.63414634,9.0,3.0,8.0,45600.0,163.9
685,E02000722,215.0,2936.0,24.0,0.817438692,11.1627907,8.0,1.0,1.0,52700.0,181.9
686,E02000723,159.0,2863.0,32.0,1.117708697,20.12578616,10.0,7.0,14.0,51600.0,149.3
687,E02000724,150.0,2532.0,28.0,1.105845182,18.66666667,8.0,5.0,11.0,45800.0,189.4
688,E02000725,397.0,3999.0,61.0,1.525381345,15.36523929,8.0,1.0,15.0,56600.0,111.9
689,E02000727,117.0,2288.0,17.0,0.743006993,14.52991453,7.0,3.0,5.0,46200.0,210.4
690,E02000728,125.0,2341.0,13.0,0.55531824,10.4,7.0,6.0,10.0,51000.0,125.5
691,E02000729,128.0,2198.0,26.0,1.18289354,20.3125,8.0,2.0,2.0,51900.0,100.5
692,E02000730,146.0,2567.0,25.0,0.973899494,17.12328767,7.0,3.0,5.0,47600.0,178.6
693,E02000731,163.0,2769.0,22.0,0.794510654,13.49693252,10.0,5.0,8.0,44800.0,173.4
694,E02000732,235.0,2750.0,57.0,2.072727273,24.25531915,7.0,3.0,5.0,44300.0,171.4
695,E02000733,342.0,3459.0,45.0,1.300954033,13.15789474,6.0,1.0,1.0,47000.0,131.8
696,E02000734,232.0,2492.0,35.0,1.404494382,15.0862069,6.0,1.0,1.0,46400.0,200.9
697,E02000735,222.0,2662.0,36.0,1.352366642,16.21621622,8.0,3.0,3.0,46100.0,138.3
698,E02000736,280.0,2656.0,55.0,2.070783133,19.64285714,8.0,5.0,8.0,46000.0,68.3
699,E02000737,252.0,3070.0,44.0,1.433224756,17.46031746,9.0,5.0,8.0,49500.0,112.2
700,E02000738,178.0,2782.0,30.0,1.078360891,16.85393258,6.0,1.0,1.0,50800.0,184.3
701,E02000739,197.0,2477.0,34.0,1.372628179,17.25888325,7.0,2.0,2.0,49100.0,152.1
702,E02000740,249.0,2494.0,46.0,1.844426624,18.47389558,8.0,3.0,18.0,47000.0,53.7
703,E02000741,247.0,2682.0,36.0,1.342281879,14.57489879,7.0,2.0,2.0,50900.0,109.3
704,E02000742,276.0,2533.0,40.0,1.579155152,14.49275362,7.0,3.0,3.0,47100.0,101.2
705,E02000743,400.0,3578.0,69.0,1.928451649,17.25,6.0,3.0,5.0,45500.0,125.4
706,E02000744,424.0,3324.0,62.0,1.865222623,14.62264151,6.0,2.0,2.0,46300.0,134.2
707,E02000745,319.0,2876.0,45.0,1.564673157,14.10658307,7.0,2.0,2.0,53100.0,112.5
708,E02000746,323.0,3396.0,60.0,1.766784452,18.57585139,8.0,3.0,4.0,51900.0,17.5
709,E02000747,346.0,5446.0,48.0,0.88138083,13.87283237,7.0,4.0,20.0,59600.0,56.1
710,E02000748,234.0,2210.0,25.0,1.131221719,10.68376068,5.0,1.0,1.0,51200.0,46.9
711,E02000749,456.0,3331.0,66.0,1.981386971,14.47368421,5.0,1.0,1.0,48200.0,57.7
712,E02000751,182.0,4438.0,54.0,1.216764308,29.67032967,7.0,5.0,51.0,66600.0,33.9
713,E02000752,263.0,3266.0,43.0,1.316595224,16.34980989,4.0,3.0,9.0,49100.0,14.0
714,E02000753,267.0,2471.0,36.0,1.45690004,13.48314607,2.0,2.0,8.0,53200.0,81.0
715,E02000754,157.0,2591.0,25.0,0.964878425,15.92356688,3.0,2.0,8.0,61300.0,52.2
716,E02000755,157.0,2187.0,20.0,0.914494742,12.7388535,3.0,2.0,8.0,55100.0,38.8
717,E02000756,372.0,5259.0,41.0,0.779615897,11.02150538,5.0,4.0,13.0,54700.0,35.1
718,E02000757,282.0,5179.0,26.0,0.502027418,9.219858156,6.0,4.0,16.0,69100.0,77.2
719,E02000758,147.0,2315.0,19.0,0.820734341,12.92517007,5.0,4.0,16.0,55400.0,51.9
720,E02000759,380.0,4819.0,45.0,0.933803694,11.84210526,4.0,3.0,12.0,62700.0,51.4
721,E02000760,217.0,2628.0,30.0,1.141552511,13.82488479,3.0,2.0,8.0,52500.0,67.0
722,E02000762,82.0,2106.0,8.0,0.379867047,9.756097561,3.0,2.0,8.0,58300.0,78.7
723,E02000763,154.0,2575.0,26.0,1.009708738,16.88311688,8.0,6.0,19.0,54300.0,9.0
724,E02000764,233.0,5368.0,28.0,0.521609538,12.01716738,10.0,6.0,24.0,66900.0,59.8
725,E02000765,193.0,2428.0,23.0,0.947281713,11.91709845,4.0,3.0,10.0,57300.0,86.9
726,E02000767,129.0,2768.0,16.0,0.578034682,12.40310078,5.0,4.0,12.0,60600.0,86.8
727,E02000768,93.0,2202.0,11.0,0.499545867,11.82795699,8.0,5.0,23.0,76700.0,33.3
728,E02000770,156.0,2489.0,17.0,0.683005223,10.8974359,7.0,6.0,20.0,53400.0,64.9
729,E02000772,189.0,2536.0,29.0,1.143533123,15.34391534,7.0,4.0,14.0,51800.0,56.6
730,E02000773,259.0,3118.0,38.0,1.218729955,14.67181467,6.0,5.0,14.0,58400.0,96.6
731,E02000774,191.0,2458.0,22.0,0.895036615,11.51832461,5.0,5.0,16.0,52700.0,106.3
732,E02000776,136.0,2080.0,15.0,0.721153846,11.02941176,6.0,6.0,14.0,55200.0,106.1
733,E02000777,124.0,2324.0,15.0,0.645438898,12.09677419,13.0,8.0,24.0,69700.0,16.8
734,E02000779,249.0,2775.0,21.0,0.756756757,8.43373494,7.0,7.0,18.0,47100.0,85.9
735,E02000781,286.0,4426.0,48.0,1.084500678,16.78321678,7.0,6.0,15.0,52600.0,72.6
736,E02000782,419.0,3578.0,51.0,1.425377306,12.17183771,8.0,8.0,16.0,46700.0,133.1
737,E02000783,221.0,2114.0,39.0,1.844843898,17.64705882,8.0,8.0,16.0,45800.0,128.1
738,E02000784,217.0,4176.0,23.0,0.550766284,10.59907834,8.0,3.0,4.0,72000.0,38.9
739,E02000785,111.0,4162.0,6.0,0.144161461,5.405405405,9.0,3.0,4.0,84900.0,23.9
740,E02000786,294.0,4945.0,33.0,0.667340748,11.2244898,5.0,0.0,0.0,75300.0,59.2
741,E02000787,338.0,5172.0,42.0,0.812064965,12.4260355,6.0,2.0,3.0,73800.0,61.2
742,E02000788,160.0,3626.0,20.0,0.55157198,12.5,5.0,1.0,2.0,78000.0,80.1
743,E02000789,111.0,2842.0,13.0,0.457424349,11.71171171,6.0,2.0,3.0,77000.0,33.8
744,E02000790,120.0,2703.0,9.0,0.332963374,7.5,5.0,2.0,3.0,89400.0,77.6
745,E02000791,98.0,2969.0,6.0,0.202088245,6.12244898,6.0,2.0,3.0,90400.0,54.9
746,E02000792,127.0,3101.0,12.0,0.386971945,9.448818898,5.0,2.0,3.0,78500.0,56.1
747,E02000793,169.0,3138.0,19.0,0.605481198,11.24260355,6.0,3.0,3.0,62700.0,61.2
748,E02000794,120.0,2756.0,10.0,0.362844702,8.333333333,8.0,3.0,4.0,80800.0,45.1
749,E02000795,104.0,2590.0,13.0,0.501930502,12.5,11.0,3.0,9.0,75000.0,5.7
750,E02000796,290.0,3980.0,52.0,1.306532663,17.93103448,7.0,3.0,3.0,57100.0,53.9
751,E02000797,152.0,3478.0,16.0,0.460034503,10.52631579,8.0,2.0,3.0,80200.0,76.4
752,E02000798,286.0,4327.0,26.0,0.600878207,9.090909091,6.0,1.0,1.0,66300.0,42.9
753,E02000799,104.0,2441.0,9.0,0.368701352,8.653846154,6.0,0.0,0.0,74600.0,50.0
754,E02000800,202.0,2156.0,21.0,0.974025974,10.3960396,7.0,2.0,3.0,56400.0,28.3
755,E02000801,149.0,3017.0,18.0,0.596619158,12.08053691,8.0,1.0,1.0,77300.0,66.9
756,E02000802,155.0,2976.0,16.0,0.537634409,10.32258065,5.0,1.0,1.0,67800.0,46.5
757,E02000803,305.0,4097.0,37.0,0.903099829,12.13114754,4.0,1.0,1.0,56400.0,48.1
758,E02000804,139.0,3171.0,21.0,0.662251656,15.10791367,8.0,2.0,7.0,68600.0,19.0
759,E02000805,271.0,4635.0,39.0,0.841423948,14.39114391,7.0,2.0,7.0,71200.0,37.3
760,E02000806,207.0,4256.0,25.0,0.587406015,12.07729469,7.0,2.0,7.0,66900.0,14.5
761,E02000807,179.0,3733.0,21.0,0.562550228,11.73184358,10.0,5.0,41.0,83000.0,116.8
762,E02000808,218.0,4693.0,42.0,0.894949925,19.26605505,19.0,12.0,102.0,66700.0,87.0
763,E02000810,553.0,5397.0,100.0,1.85288123,18.08318264,8.0,7.0,52.0,60400.0,133.2
764,E02000812,424.0,4532.0,72.0,1.58870256,16.98113208,13.0,10.0,101.0,54800.0,146.6
765,E02000813,460.0,4484.0,81.0,1.806422837,17.60869565,11.0,6.0,48.0,55400.0,96.1
766,E02000814,251.0,4593.0,39.0,0.849118223,15.53784861,10.0,5.0,23.0,77200.0,88.0
767,E02000815,209.0,3232.0,43.0,1.330445545,20.57416268,11.0,9.0,95.0,61000.0,154.4
768,E02000816,415.0,4143.0,74.0,1.786145305,17.8313253,7.0,6.0,48.0,52500.0,119.1
769,E02000817,343.0,2926.0,66.0,2.255639098,19.24198251,8.0,4.0,32.0,45500.0,98.1
770,E02000818,401.0,4490.0,62.0,1.380846325,15.46134663,11.0,7.0,40.0,53700.0,128.9
771,E02000819,412.0,3553.0,81.0,2.27976358,19.66019417,10.0,8.0,56.0,46600.0,154.9
772,E02000820,405.0,4228.0,82.0,1.939451277,20.24691358,11.0,7.0,34.0,53800.0,189.0
773,E02000821,469.0,3133.0,71.0,2.266198532,15.13859275,10.0,7.0,47.0,45500.0,116.7
774,E02000822,389.0,2774.0,54.0,1.946647441,13.88174807,11.0,8.0,49.0,44100.0,169.3
775,E02000823,373.0,3637.0,47.0,1.292273852,12.60053619,12.0,8.0,49.0,50900.0,120.1
776,E02000824,597.0,3792.0,92.0,2.426160338,15.41038526,11.0,7.0,57.0,43000.0,98.4
777,E02000825,577.0,3889.0,88.0,2.262792492,15.25129983,10.0,6.0,48.0,45200.0,181.0
778,E02000826,423.0,4024.0,77.0,1.913518887,18.20330969,10.0,6.0,48.0,50400.0,161.7
779,E02000827,605.0,5018.0,88.0,1.753686728,14.54545455,13.0,8.0,52.0,48800.0,152.1
780,E02000828,426.0,3595.0,62.0,1.724617524,14.55399061,9.0,5.0,41.0,48300.0,131.8
781,E02000829,511.0,4740.0,76.0,1.603375527,14.87279843,9.0,6.0,43.0,50000.0,131.2
782,E02000830,258.0,3764.0,22.0,0.584484591,8.527131783,10.0,6.0,49.0,63800.0,106.1
783,E02000831,308.0,4051.0,49.0,1.209577882,15.90909091,10.0,5.0,40.0,62500.0,116.4
784,E02000832,384.0,4099.0,72.0,1.756525982,18.75,9.0,4.0,29.0,50300.0,117.8
785,E02000833,354.0,3049.0,48.0,1.574286651,13.55932203,9.0,5.0,43.0,56800.0,93.9
786,E02000834,194.0,4102.0,21.0,0.511945392,10.82474227,8.0,4.0,29.0,72200.0,75.8
787,E02000835,300.0,3027.0,38.0,1.255368352,12.66666667,9.0,3.0,18.0,63700.0,49.6
788,E02000836,173.0,3337.0,20.0,0.599340725,11.56069364,6.0,3.0,27.0,77800.0,109.0
789,E02000837,170.0,3151.0,12.0,0.380831482,7.058823529,9.0,5.0,34.0,90600.0,38.2
790,E02000838,271.0,3922.0,32.0,0.81591025,11.80811808,7.0,3.0,14.0,64500.0,85.8
791,E02000839,390.0,3430.0,68.0,1.982507289,17.43589744,5.0,2.0,7.0,66600.0,29.1
792,E02000840,422.0,3478.0,56.0,1.610120759,13.27014218,6.0,0.0,0.0,45700.0,59.8
793,E02000841,359.0,3300.0,59.0,1.787878788,16.43454039,5.0,0.0,0.0,47900.0,75.5
794,E02000842,144.0,2958.0,15.0,0.507099391,10.41666667,6.0,0.0,0.0,60100.0,47.4
795,E02000843,322.0,3977.0,38.0,0.955494091,11.80124224,4.0,0.0,0.0,60500.0,58.6
796,E02000844,315.0,3222.0,58.0,1.800124146,18.41269841,5.0,0.0,0.0,52600.0,76.9
797,E02000845,237.0,3608.0,26.0,0.720620843,10.97046414,6.0,1.0,1.0,65900.0,58.9
798,E02000846,140.0,2785.0,13.0,0.466786355,9.285714286,5.0,0.0,0.0,62500.0,51.6
799,E02000847,162.0,3682.0,19.0,0.5160239,11.72839506,5.0,1.0,1.0,58000.0,57.1
800,E02000848,142.0,2915.0,13.0,0.445969125,9.154929577,4.0,0.0,0.0,60600.0,68.6
801,E02000849,250.0,3247.0,23.0,0.708346166,9.2,4.0,0.0,0.0,57300.0,62.7
802,E02000850,261.0,4089.0,28.0,0.684764001,10.72796935,8.0,2.0,3.0,58700.0,20.7
803,E02000851,479.0,5036.0,60.0,1.191421763,12.52609603,5.0,0.0,0.0,53000.0,73.0
804,E02000852,215.0,3250.0,24.0,0.738461538,11.1627907,6.0,0.0,0.0,62200.0,78.4
805,E02000853,255.0,3203.0,25.0,0.780518264,9.803921569,3.0,0.0,0.0,57400.0,60.9
806,E02000854,195.0,3085.0,23.0,0.74554295,11.79487179,6.0,0.0,0.0,64100.0,43.6
807,E02000855,135.0,3211.0,10.0,0.311429461,7.407407407,4.0,0.0,0.0,62400.0,41.8
808,E02000856,250.0,3798.0,32.0,0.84254871,12.8,4.0,1.0,2.0,59800.0,65.3
809,E02000857,264.0,4078.0,25.0,0.613045611,9.46969697,3.0,0.0,0.0,58300.0,77.5
810,E02000858,490.0,3309.0,75.0,2.266545784,15.30612245,5.0,2.0,4.0,45600.0,50.2
811,E02000859,230.0,3491.0,23.0,0.658837009,10,4.0,0.0,0.0,53900.0,47.7
812,E02000860,287.0,4118.0,29.0,0.704225352,10.10452962,3.0,0.0,0.0,53000.0,86.5
813,E02000861,104.0,2863.0,11.0,0.384212365,10.57692308,4.0,0.0,0.0,73200.0,29.3
814,E02000863,120.0,2424.0,16.0,0.660066007,13.33333333,5.0,2.0,3.0,61900.0,9.7
815,E02000864,348.0,4664.0,59.0,1.265008576,16.95402299,7.0,3.0,20.0,53000.0,65.8
816,E02000865,205.0,2899.0,36.0,1.24180752,17.56097561,12.0,7.0,50.0,50800.0,152.1
817,E02000866,231.0,4151.0,30.0,0.722717417,12.98701299,10.0,6.0,47.0,61200.0,85.2
818,E02000867,339.0,4874.0,55.0,1.128436602,16.22418879,7.0,3.0,19.0,61300.0,120.6
819,E02000868,126.0,2788.0,21.0,0.753228121,16.66666667,12.0,6.0,48.0,56500.0,184.6
820,E02000869,148.0,2524.0,33.0,1.307448494,22.2972973,15.0,8.0,51.0,51900.0,177.0
821,E02000870,168.0,2420.0,32.0,1.32231405,19.04761905,11.0,6.0,45.0,53600.0,164.0
822,E02000871,385.0,4226.0,66.0,1.56176053,17.14285714,6.0,4.0,20.0,49900.0,128.4
823,E02000872,217.0,3195.0,36.0,1.126760563,16.58986175,13.0,7.0,49.0,56200.0,164.3
824,E02000873,235.0,2921.0,37.0,1.26668949,15.74468085,8.0,4.0,40.0,51600.0,172.6
825,E02000874,201.0,2524.0,34.0,1.347068146,16.91542289,10.0,5.0,43.0,48800.0,207.9
826,E02000875,442.0,5082.0,80.0,1.574183392,18.09954751,6.0,4.0,20.0,51000.0,141.4
827,E02000876,156.0,2777.0,22.0,0.792221822,14.1025641,12.0,7.0,59.0,51400.0,130.7
828,E02000877,370.0,4915.0,73.0,1.485249237,19.72972973,8.0,4.0,39.0,52000.0,121.3
829,E02000878,145.0,4010.0,28.0,0.698254364,19.31034483,13.0,7.0,99.0,61300.0,161.1
830,E02000879,174.0,3050.0,33.0,1.081967213,18.96551724,9.0,4.0,47.0,46600.0,172.0
831,E02000880,148.0,2280.0,22.0,0.964912281,14.86486486,9.0,4.0,34.0,50500.0,155.1
832,E02000881,429.0,3853.0,82.0,2.128211783,19.11421911,6.0,4.0,20.0,51200.0,98.0
833,E02000882,359.0,3809.0,61.0,1.601470202,16.99164345,9.0,5.0,48.0,50400.0,149.8
834,E02000883,279.0,3028.0,39.0,1.287978864,13.97849462,6.0,4.0,20.0,45200.0,168.1
835,E02000884,254.0,5116.0,39.0,0.762314308,15.35433071,12.0,7.0,55.0,60700.0,166.6
836,E02000885,170.0,2390.0,18.0,0.753138075,10.58823529,8.0,3.0,32.0,46600.0,204.1
837,E02000886,217.0,3820.0,34.0,0.890052356,15.66820276,10.0,5.0,48.0,68500.0,149.7
838,E02000887,385.0,3944.0,67.0,1.698782961,17.4025974,8.0,4.0,20.0,48700.0,148.6
839,E02000888,183.0,3358.0,33.0,0.982727814,18.03278689,11.0,6.0,44.0,68700.0,155.9
840,E02000889,155.0,3811.0,26.0,0.682235634,16.77419355,13.0,8.0,67.0,71000.0,114.1
841,E02000890,62.0,2890.0,9.0,0.311418685,14.51612903,14.0,9.0,120.0,96600.0,103.0
842,E02000893,206.0,2986.0,40.0,1.339584729,19.41747573,7.0,3.0,6.0,61600.0,94.4
843,E02000894,257.0,4467.0,45.0,1.007387508,17.50972763,10.0,4.0,15.0,80100.0,185.0
844,E02000895,216.0,3275.0,38.0,1.160305344,17.59259259,4.0,3.0,43.0,50600.0,36.4
845,E02000896,208.0,3837.0,19.0,0.495178525,9.134615385,4.0,3.0,43.0,58900.0,31.3
846,E02000897,295.0,3371.0,47.0,1.394245031,15.93220339,6.0,5.0,51.0,52800.0,42.9
847,E02000898,240.0,3200.0,35.0,1.09375,14.58333333,6.0,4.0,47.0,53300.0,50.6
848,E02000899,217.0,3227.0,24.0,0.743724822,11.05990783,5.0,3.0,43.0,54600.0,65.8
849,E02000900,307.0,3117.0,57.0,1.828681424,18.56677524,8.0,2.0,33.0,51900.0,52.1
850,E02000901,258.0,3848.0,30.0,0.77962578,11.62790698,9.0,6.0,55.0,66000.0,54.5
851,E02000902,385.0,3518.0,51.0,1.449687322,13.24675325,6.0,3.0,40.0,54100.0,67.7
852,E02000903,363.0,3468.0,68.0,1.960784314,18.73278237,8.0,2.0,33.0,51200.0,46.0
853,E02000904,258.0,3104.0,37.0,1.192010309,14.34108527,7.0,4.0,41.0,57500.0,56.4
854,E02000905,293.0,3629.0,41.0,1.12978782,13.99317406,6.0,2.0,33.0,58200.0,91.4
855,E02000906,342.0,3627.0,57.0,1.571546733,16.66666667,4.0,1.0,4.0,55300.0,149.6
856,E02000907,520.0,4067.0,75.0,1.844111138,14.42307692,6.0,2.0,11.0,46200.0,111.9
857,E02000908,480.0,5238.0,80.0,1.527300496,16.66666667,10.0,3.0,7.0,55200.0,44.6
858,E02000909,262.0,3565.0,40.0,1.122019635,15.26717557,9.0,5.0,20.0,62300.0,62.1
859,E02000910,316.0,4406.0,34.0,0.771674989,10.75949367,4.0,1.0,4.0,56000.0,135.3
860,E02000911,388.0,4847.0,59.0,1.217247782,15.20618557,4.0,1.0,4.0,54300.0,122.1
861,E02000912,237.0,3272.0,47.0,1.436430318,19.83122363,9.0,4.0,11.0,54600.0,37.0
862,E02000913,182.0,3112.0,20.0,0.642673522,10.98901099,8.0,3.0,12.0,58400.0,82.4
863,E02000914,427.0,3970.0,68.0,1.712846348,15.92505855,8.0,2.0,8.0,49300.0,151.4
864,E02000915,203.0,3280.0,27.0,0.823170732,13.30049261,10.0,5.0,23.0,62500.0,57.9
865,E02000916,351.0,3981.0,42.0,1.055011304,11.96581197,6.0,3.0,7.0,55100.0,42.7
866,E02000917,240.0,3650.0,44.0,1.205479452,18.33333333,6.0,1.0,4.0,59600.0,135.1
867,E02000918,310.0,3413.0,51.0,1.494286551,16.4516129,9.0,3.0,12.0,57700.0,109.6
868,E02000919,187.0,3356.0,18.0,0.536352801,9.625668449,7.0,2.0,8.0,55400.0,164.0
869,E02000920,361.0,3815.0,44.0,1.153342071,12.18836565,9.0,3.0,10.0,50500.0,54.3
870,E02000921,398.0,4059.0,58.0,1.42892338,14.57286432,9.0,3.0,12.0,49200.0,131.0
871,E02000922,291.0,3635.0,40.0,1.100412655,13.74570447,9.0,4.0,13.0,52700.0,161.2
872,E02000923,182.0,3471.0,18.0,0.518582541,9.89010989,13.0,7.0,20.0,70800.0,69.8
873,E02000925,378.0,3363.0,56.0,1.665179899,14.81481481,8.0,2.0,8.0,56100.0,177.6
874,E02000926,295.0,5552.0,35.0,0.630403458,11.86440678,10.0,3.0,10.0,73800.0,141.9
875,E02000927,219.0,3229.0,33.0,1.021988232,15.06849315,7.0,1.0,6.0,66900.0,150.9
876,E02000928,133.0,3610.0,21.0,0.581717452,15.78947368,5.0,1.0,2.0,82100.0,90.0
877,E02000929,461.0,3493.0,71.0,2.032636702,15.40130152,8.0,2.0,8.0,48000.0,180.6
878,E02000930,196.0,4264.0,26.0,0.609756098,13.26530612,9.0,1.0,6.0,81200.0,119.4
879,E02000931,110.0,3486.0,5.0,0.143430866,4.545454545,7.0,0.0,0.0,108100.0,106.5
880,E02000932,224.0,5931.0,34.0,0.573259147,15.17857143,11.0,1.0,2.0,90300.0,81.3
881,E02000933,131.0,3930.0,13.0,0.330788804,9.923664122,7.0,0.0,0.0,76200.0,81.7
882,E02000934,133.0,4195.0,12.0,0.286054827,9.022556391,10.0,1.0,2.0,79800.0,116.0
883,E02000935,416.0,2436.0,59.0,2.422003284,14.18269231,3.0,0.0,0.0,38900.0,48.0
884,E02000936,179.0,4385.0,24.0,0.54732041,13.40782123,6.0,1.0,2.0,80700.0,92.4
885,E02000937,133.0,3128.0,12.0,0.383631714,9.022556391,9.0,0.0,0.0,94000.0,62.6
886,E02000938,345.0,4347.0,63.0,1.449275362,18.26086957,6.0,0.0,0.0,57900.0,54.2
887,E02000939,134.0,2836.0,7.0,0.246826516,5.223880597,8.0,0.0,0.0,91600.0,109.4
888,E02000940,310.0,4214.0,51.0,1.210251542,16.4516129,7.0,0.0,0.0,68000.0,111.8
889,E02000941,164.0,4135.0,20.0,0.483675937,12.19512195,9.0,0.0,0.0,79200.0,93.7
890,E02000942,136.0,3816.0,9.0,0.235849057,6.617647059,8.0,1.0,2.0,89900.0,95.6
891,E02000943,133.0,3811.0,18.0,0.472316977,13.53383459,7.0,0.0,0.0,87000.0,119.1
892,E02000944,316.0,2888.0,53.0,1.835180055,16.7721519,6.0,0.0,0.0,55800.0,123.0
893,E02000945,320.0,2762.0,41.0,1.484431571,12.8125,4.0,0.0,0.0,46000.0,34.5
894,E02000946,179.0,3105.0,31.0,0.998389694,17.31843575,9.0,0.0,0.0,74800.0,82.5
895,E02000947,150.0,3919.0,17.0,0.433784129,11.33333333,6.0,0.0,0.0,88100.0,104.2
896,E02000948,168.0,4384.0,24.0,0.547445255,14.28571429,7.0,1.0,3.0,81000.0,74.4
897,E02000949,112.0,4257.0,6.0,0.140944327,5.357142857,9.0,1.0,3.0,93800.0,70.1
898,E02000950,186.0,3112.0,31.0,0.996143959,16.66666667,6.0,0.0,0.0,66500.0,88.2
899,E02000951,137.0,2821.0,21.0,0.744416873,15.32846715,5.0,0.0,0.0,75300.0,135.3
900,E02000952,127.0,2656.0,11.0,0.414156627,8.661417323,4.0,0.0,0.0,73100.0,112.0
901,E02000953,144.0,3212.0,12.0,0.373599004,8.333333333,7.0,1.0,3.0,79000.0,102.9
902,E02000954,107.0,2241.0,12.0,0.535475234,11.21495327,6.0,1.0,3.0,73100.0,142.8
903,E02000955,257.0,2679.0,44.0,1.642403882,17.12062257,5.0,1.0,3.0,60700.0,119.7
904,E02000956,231.0,3033.0,33.0,1.088031652,14.28571429,5.0,1.0,3.0,58700.0,89.9
905,E02000957,289.0,4419.0,37.0,0.837293505,12.80276817,6.0,1.0,3.0,65300.0,142.4
906,E02000958,191.0,2917.0,27.0,0.925608502,14.13612565,5.0,1.0,3.0,64300.0,92.8
907,E02000959,289.0,3104.0,36.0,1.159793814,12.4567474,5.0,1.0,3.0,56000.0,138.5
908,E02000960,99.0,2783.0,15.0,0.538986705,15.15151515,21.0,9.0,51.0,76700.0,71.8
909,E02000961,273.0,4066.0,49.0,1.205115593,17.94871795,16.0,8.0,34.0,67400.0,116.2
910,E02000962,141.0,3857.0,36.0,0.933367903,25.53191489,16.0,8.0,29.0,67100.0,124.3
911,E02000963,431.0,4137.0,77.0,1.861252115,17.86542923,11.0,4.0,10.0,51100.0,212.9
912,E02000964,528.0,5360.0,118.0,2.201492537,22.34848485,13.0,6.0,15.0,54200.0,246.7
913,E02000965,189.0,3625.0,26.0,0.717241379,13.75661376,13.0,6.0,15.0,76500.0,175.6
914,E02000966,129.0,4109.0,16.0,0.389389146,12.40310078,14.0,7.0,22.0,82300.0,173.3
915,E02000967,81.0,3016.0,8.0,0.265251989,9.87654321,20.0,10.0,41.0,89100.0,51.5
916,E02000968,568.0,5619.0,137.0,2.438156256,24.11971831,15.0,8.0,28.0,42300.0,235.9
917,E02000969,447.0,3720.0,119.0,3.198924731,26.62192394,12.0,6.0,15.0,45600.0,171.8
918,E02000970,90.0,3556.0,10.0,0.281214848,11.11111111,17.0,12.0,46.0,88500.0,82.9
919,E02000971,80.0,3724.0,10.0,0.268528464,12.5,12.0,5.0,22.0,68500.0,155.5
920,E02000972,125.0,4256.0,17.0,0.39943609,13.6,18.0,11.0,96.0,64300.0,64.5
921,E02000973,177.0,4799.0,34.0,0.708480934,19.20903955,15.0,8.0,20.0,68300.0,186.0
922,E02000974,177.0,3981.0,34.0,0.85405677,19.20903955,16.0,10.0,31.0,66500.0,127.6
923,E02000975,111.0,3803.0,17.0,0.447015514,15.31531532,17.0,11.0,35.0,75700.0,180.8
924,E02000976,146.0,4212.0,16.0,0.379867047,10.95890411,13.0,9.0,21.0,66900.0,215.4
925,E02000977,79.0,3437.0,13.0,0.378236834,16.4556962,26.0,18.0,125.0,68500.0,29.8
926,E02000978,92.0,2765.0,8.0,0.289330922,8.695652174,23.0,15.0,46.0,86100.0,25.8
927,E02000979,174.0,3924.0,33.0,0.840978593,18.96551724,20.0,13.0,95.0,68800.0,58.1
928,E02000980,246.0,4325.0,48.0,1.10982659,19.51219512,11.0,6.0,18.0,59300.0,193.7
929,E02000981,136.0,4157.0,24.0,0.577339427,17.64705882,12.0,6.0,17.0,78100.0,247.2
930,E02000982,269.0,3841.0,53.0,1.379848998,19.70260223,11.0,7.0,20.0,53000.0,126.0
931,E02000983,225.0,3757.0,47.0,1.250998137,20.88888889,9.0,5.0,15.0,61500.0,223.4
932,E02006782,257.0,3197.0,30.0,0.938379731,11.67315175,7.0,0.0,0.0,51000.0,29.4
933,E02006783,447.0,2894.0,69.0,2.384243262,15.43624161,7.0,1.0,1.0,43600.0,76.8
934,E02006784,335.0,3120.0,49.0,1.570512821,14.62686567,9.0,1.0,1.0,45300.0,51.0
935,E02006785,146.0,2575.0,13.0,0.504854369,8.904109589,7.0,1.0,1.0,50300.0,46.9
936,E02006786,401.0,2876.0,53.0,1.842837274,13.21695761,8.0,2.0,3.0,45600.0,55.4
937,E02006787,190.0,3086.0,21.0,0.680492547,11.05263158,5.0,2.0,3.0,56000.0,50.4
938,E02006788,409.0,2901.0,72.0,2.481902792,17.60391198,5.0,3.0,4.0,48400.0,54.0
939,E02006789,165.0,2788.0,16.0,0.573888092,9.696969697,2.0,0.0,0.0,50800.0,2.9
940,E02006791,128.0,3452.0,19.0,0.550405562,14.84375,3.0,1.0,1.0,55000.0,97.9
941,E02006792,173.0,4144.0,24.0,0.579150579,13.87283237,8.0,1.0,1.0,55700.0,57.9
942,E02006793,516.0,3391.0,90.0,2.654084341,17.44186047,8.0,0.0,0.0,45500.0,89.9
943,E02006794,538.0,3126.0,66.0,2.111324376,12.26765799,6.0,1.0,2.0,44100.0,105.4
944,E02006795,98.0,2643.0,12.0,0.454029512,12.24489796,7.0,0.0,0.0,58300.0,84.1
945,E02006796,243.0,3576.0,34.0,0.950782998,13.99176955,8.0,1.0,1.0,54200.0,19.6
946,E02006798,411.0,3777.0,64.0,1.694466508,15.57177616,12.0,4.0,28.0,43800.0,91.9
947,E02006799,436.0,3892.0,84.0,2.158273381,19.26605505,5.0,3.0,10.0,45400.0,83.8
948,E02006800,323.0,4514.0,43.0,0.952591936,13.3126935,7.0,4.0,12.0,50500.0,79.4
949,E02006801,203.0,3712.0,35.0,0.942887931,17.24137931,18.0,12.0,99.0,50000.0,70.8
950,E02006802,371.0,3941.0,61.0,1.5478305,16.44204852,17.0,11.0,105.0,48700.0,111.5
951,E02006836,121.0,3214.0,16.0,0.497822029,13.2231405,2.0,0.0,0.0,58200.0,24.8
952,E02006853,341.0,5041.0,68.0,1.348938703,19.94134897,7.0,4.0,15.0,52900.0,141.4
953,E02006854,135.0,3530.0,20.0,0.566572238,14.81481481,7.0,3.0,13.0,56100.0,64.4
954,E02006882,146.0,4398.0,13.0,0.295588904,8.904109589,6.0,1.0,3.0,61000.0,66.6
955,E02006918,411.0,3172.0,77.0,2.427490542,18.73479319,7.0,6.0,17.0,47700.0,146.7
956,E02006921,281.0,2782.0,46.0,1.6534867,16.37010676,6.0,5.0,15.0,44700.0,171.0
957,E02006924,201.0,4096.0,14.0,0.341796875,6.965174129,9.0,8.0,22.0,55100.0,53.1
958,E02006925,217.0,4189.0,16.0,0.381952733,7.373271889,7.0,6.0,24.0,60800.0,53.1
959,E02006927,364.0,5087.0,55.0,1.08118734,15.10989011,10.0,2.0,9.0,51600.0,33.0
960,E02006928,521.0,5267.0,105.0,1.993544712,20.15355086,8.0,1.0,2.0,52400.0,136.0
961,E02006930,260.0,4227.0,50.0,1.182872013,19.23076923,9.0,2.0,4.0,55300.0,75.6
962,E02006931,253.0,4137.0,34.0,0.821851583,13.43873518,12.0,3.0,12.0,52000.0,46.1
