MSOA11CD,sum,count_sdep,calculation,sdep_sum the dep rate,library_name_sum,filtered_library_name_sum,keyword_frequency_sum
E02000001,4909,10,0.203707476,0.203707476,26,15,126
E02000002,2873,77,2.680125305,2.680125305,4,2,5
E02000003,3932,53,1.347914547,1.347914547,7,4,11
E02000004,2309,25,1.082719792,1.082719792,6,1,1
E02000005,3629,85,2.342243042,2.342243042,6,2,8
E02000007,3674,89,2.422427872,2.422427872,3,0,0
E02000008,4621,93,2.012551396,2.012551396,6,3,10
E02000009,4256,85,1.997180451,1.997180451,5,3,10
E02000010,3331,70,2.10147103,2.10147103,2,0,0
E02000011,2355,45,1.910828025,1.910828025,4,1,1
E02000012,3290,35,1.063829787,1.063829787,6,5,11
E02000013,3256,62,1.904176904,1.904176904,5,2,6
E02000014,3389,75,2.213042195,2.213042195,2,0,0
E02000015,3033,67,2.20903396,2.20903396,2,1,1
E02000016,3810,68,1.784776903,1.784776903,7,6,10
E02000017,2765,18,0.650994575,0.650994575,6,5,9
E02000018,3233,84,2.598206001,2.598206001,5,2,5
E02000019,3206,76,2.370555209,2.370555209,4,0,0
E02000020,4673,87,1.861759041,1.861759041,6,3,4
E02000021,2931,42,1.432958035,1.432958035,2,1,1
E02000022,2795,69,2.468694097,2.468694097,4,3,4
E02000023,2657,97,3.65073391,3.65073391,4,1,1
E02000024,4477,26,0.580746035,0.580746035,1,0,0
E02000025,3746,40,1.067805659,1.067805659,2,0,0
E02000026,2513,23,0.915240748,0.915240748,4,0,0
E02000027,3684,48,1.302931596,1.302931596,2,0,0
E02000028,2690,26,0.966542751,0.966542751,3,0,0
E02000029,3706,58,1.565029682,1.565029682,6,0,0
E02000030,3522,14,0.39750142,0.39750142,5,0,0
E02000031,3327,24,0.721370604,0.721370604,4,0,0
E02000032,2742,10,0.364697301,0.364697301,7,0,0
E02000033,3494,36,1.030337722,1.030337722,9,0,0
E02000034,3586,39,1.087562744,1.087562744,7,0,0
E02000035,3527,28,0.793875815,0.793875815,4,0,0
E02000036,3946,44,1.115053218,1.115053218,4,0,0
E02000037,3717,29,0.780199085,0.780199085,4,0,0
E02000038,4005,38,0.948813983,0.948813983,9,0,0
E02000039,2673,15,0.561167228,0.561167228,4,0,0
E02000040,3510,25,0.712250712,0.712250712,4,0,0
E02000041,3326,36,1.082381239,1.082381239,5,0,0
E02000042,4712,34,0.721561969,0.721561969,5,0,0
E02000043,2665,13,0.487804878,0.487804878,2,0,0
E02000044,3066,45,1.467710372,1.467710372,4,0,0
E02000045,4200,67,1.595238095,1.595238095,10,0,0
E02000046,2877,14,0.486618005,0.486618005,4,1,11
E02000047,4217,143,3.391036282,3.391036282,6,0,0
E02000048,3951,32,0.809921539,0.809921539,6,1,11
E02000049,3801,107,2.815048671,2.815048671,5,0,0
E02000050,4035,47,1.164807931,1.164807931,10,1,11
E02000051,3798,48,1.263823065,1.263823065,5,1,11
E02000052,4194,37,0.882212685,0.882212685,7,1,11
E02000053,,,#DIV/0!,#DIV/0!,5,0,0
E02000054,2970,17,0.572390572,0.572390572,5,0,0
E02000055,4506,45,0.998668442,0.998668442,4,0,0
E02000056,3443,20,0.58088876,0.58088876,9,3,29
E02000057,2709,9,0.332225914,0.332225914,4,1,11
E02000058,4097,34,0.829875519,0.829875519,6,2,12
E02000059,4437,45,1.014198783,1.014198783,5,0,0
E02000060,3693,16,0.433252099,0.433252099,6,2,12
E02000061,3574,18,0.503637381,0.503637381,6,3,29
E02000062,2615,40,1.529636711,1.529636711,6,1,1
E02000063,2833,37,1.306036004,1.306036004,6,1,1
E02000064,2759,29,1.051105473,1.051105473,6,2,18
E02000065,2775,66,2.378378378,2.378378378,4,0,0
E02000066,3548,79,2.226606539,2.226606539,6,1,1
E02000067,3983,54,1.355761988,1.355761988,5,0,0
E02000068,3193,84,2.630754776,2.630754776,4,1,1
E02000069,2817,34,1.206957756,1.206957756,5,1,1
E02000070,3143,22,0.699968183,0.699968183,8,1,1
E02000071,2837,56,1.973916109,1.973916109,6,1,1
E02000072,4691,109,2.32359838,2.32359838,4,1,1
E02000073,3959,21,0.530436979,0.530436979,9,1,1
E02000074,3504,73,2.083333333,2.083333333,5,1,1
E02000075,3147,15,0.476644423,0.476644423,5,0,0
E02000077,2936,34,1.158038147,1.158038147,7,1,1
E02000078,3023,10,0.330797221,0.330797221,7,1,1
E02000079,3588,39,1.086956522,1.086956522,6,0,0
E02000080,3813,25,0.655651718,0.655651718,6,0,0
E02000081,3280,32,0.975609756,0.975609756,6,1,1
E02000082,3443,13,0.377577694,0.377577694,7,1,1
E02000083,4444,65,1.462646265,1.462646265,6,1,1
E02000084,4200,18,0.428571429,0.428571429,5,0,0
E02000085,3074,25,0.813272609,0.813272609,4,0,0
E02000086,2786,9,0.32304379,0.32304379,5,0,0
E02000087,3319,25,0.753238927,0.753238927,4,0,0
E02000088,2979,14,0.469956361,0.469956361,5,0,0
E02000089,2903,11,0.37891836,0.37891836,6,0,0
E02000090,4196,38,0.905624404,0.905624404,5,0,0
E02000091,4445,30,0.674915636,0.674915636,6,0,0
E02000092,2715,59,2.173112339,2.173112339,3,0,0
E02000093,3742,35,0.935328701,0.935328701,5,0,0
E02000094,3467,35,1.009518316,1.009518316,4,0,0
E02000095,3183,26,0.81683946,0.81683946,4,1,3
E02000096,2497,12,0.480576692,0.480576692,5,1,3
E02000097,3039,27,0.888450148,0.888450148,4,1,3
E02000098,2872,36,1.253481894,1.253481894,4,1,3
E02000099,2917,31,1.062735687,1.062735687,6,2,9
E02000100,2570,10,0.389105058,0.389105058,9,3,10
E02000101,3386,57,1.683402245,1.683402245,4,1,3
E02000102,2686,35,1.303052867,1.303052867,3,0,0
E02000103,3465,77,2.222222222,2.222222222,5,1,1
E02000104,2414,16,0.662800331,0.662800331,4,2,9
E02000105,3109,26,0.836281763,0.836281763,7,3,10
E02000106,3591,60,1.670843776,1.670843776,4,0,0
E02000107,4361,56,1.284109149,1.284109149,5,1,1
E02000108,2272,13,0.572183099,0.572183099,5,2,7
E02000109,,,#DIV/0!,#DIV/0!,5,2,9
E02000110,3093,26,0.840607824,0.840607824,5,1,1
E02000111,3189,27,0.846660395,0.846660395,5,2,9
E02000112,3499,41,1.171763361,1.171763361,5,2,9
E02000113,3291,84,2.552415679,2.552415679,5,0,0
E02000114,3706,43,1.160280626,1.160280626,6,1,1
E02000115,3875,32,0.825806452,0.825806452,7,2,5
E02000116,3239,68,2.099413399,2.099413399,5,1,4
E02000117,4759,98,2.059256146,2.059256146,3,0,0
E02000118,3155,30,0.950871632,0.950871632,6,2,9
E02000119,3950,83,2.101265823,2.101265823,5,0,0
E02000120,4242,23,0.542197077,0.542197077,12,4,10
E02000121,3626,43,1.185879757,1.185879757,5,1,6
E02000122,3159,29,0.918012029,0.918012029,8,2,6
E02000123,5540,108,1.949458484,1.949458484,3,1,4
E02000124,4167,38,0.911927046,0.911927046,10,3,8
E02000125,3942,31,0.786402841,0.786402841,6,3,8
E02000126,3404,60,1.762632197,1.762632197,14,6,15
E02000127,3786,83,2.192287375,2.192287375,10,1,1
E02000128,3061,26,0.849395622,0.849395622,5,0,0
E02000130,3666,26,0.709219858,0.709219858,6,2,7
E02000131,5069,107,2.110869994,2.110869994,6,2,7
E02000132,4943,30,0.606918875,0.606918875,5,1,2
E02000133,4330,25,0.577367206,0.577367206,11,1,2
E02000134,5300,43,0.811320755,0.811320755,5,0,0
E02000135,4442,104,2.341287708,2.341287708,7,2,7
E02000136,2301,30,1.303780965,1.303780965,6,1,2
E02000137,3674,9,0.244964616,0.244964616,5,0,0
E02000138,4140,9,0.217391304,0.217391304,6,1,2
E02000139,3307,26,0.786211067,0.786211067,5,2,3
E02000140,3340,65,1.946107784,1.946107784,2,0,0
E02000141,3092,34,1.099611902,1.099611902,6,2,3
E02000142,3449,12,0.347926935,0.347926935,5,0,0
E02000144,4311,30,0.695894224,0.695894224,5,0,0
E02000145,3514,74,2.105862265,2.105862265,3,0,0
E02000146,4042,20,0.494804552,0.494804552,5,1,2
E02000147,3165,13,0.410742496,0.410742496,5,1,1
E02000148,2699,16,0.592812153,0.592812153,4,1,2
E02000149,3280,40,1.219512195,1.219512195,3,1,2
E02000150,3115,20,0.642054575,0.642054575,6,4,5
E02000151,2969,9,0.303132368,0.303132368,4,1,2
E02000152,3093,53,1.713546718,1.713546718,4,1,2
E02000153,2895,17,0.587219344,0.587219344,5,1,1
E02000154,3573,28,0.783655192,0.783655192,3,1,2
E02000155,3040,18,0.592105263,0.592105263,2,0,0
E02000156,4859,16,0.329285861,0.329285861,4,2,2
E02000157,3279,15,0.457456542,0.457456542,3,1,2
E02000158,3033,39,1.285855589,1.285855589,1,0,0
E02000159,2821,21,0.744416873,0.744416873,3,1,2
E02000160,3045,16,0.52545156,0.52545156,4,1,1
E02000161,3345,12,0.358744395,0.358744395,1,0,0
E02000162,2964,36,1.214574899,1.214574899,1,0,0
E02000163,3069,17,0.55392636,0.55392636,1,0,0
E02000165,2742,15,0.547045952,0.547045952,2,0,0
E02000166,3396,56,1.648998822,1.648998822,16,7,38
E02000167,3370,4,0.118694362,0.118694362,11,5,33
E02000168,3494,37,1.058958214,1.058958214,14,5,28
E02000169,3032,22,0.725593668,0.725593668,10,5,25
E02000170,3466,17,0.490478938,0.490478938,9,2,18
E02000171,3329,29,0.871132472,0.871132472,12,4,24
E02000172,4033,75,1.859657823,1.859657823,16,5,28
E02000173,3503,20,0.570939195,0.570939195,11,5,25
E02000174,3554,65,1.828925155,1.828925155,17,6,35
E02000175,4308,42,0.974930362,0.974930362,11,5,25
E02000176,3002,7,0.233177881,0.233177881,9,4,24
E02000177,3652,52,1.423877327,1.423877327,13,5,28
E02000178,4165,43,1.032412965,1.032412965,11,4,10
E02000179,2551,20,0.784006272,0.784006272,10,4,24
E02000180,3519,30,0.852514919,0.852514919,17,6,20
E02000181,3754,22,0.586041556,0.586041556,10,5,25
E02000182,3082,28,0.908500973,0.908500973,15,6,27
E02000183,3618,38,1.050304035,1.050304035,19,8,44
E02000184,3631,70,1.927843569,1.927843569,19,8,46
E02000185,4068,67,1.647000983,1.647000983,15,7,32
E02000186,2942,27,0.917743032,0.917743032,25,11,43
E02000187,3817,72,1.88629814,1.88629814,21,8,37
E02000188,2720,46,1.691176471,1.691176471,22,11,43
E02000189,,,#DIV/0!,#DIV/0!,17,9,91
E02000190,,,#DIV/0!,#DIV/0!,18,10,103
E02000191,2101,8,0.380771061,0.380771061,18,9,89
E02000192,3089,35,1.133052768,1.133052768,20,11,105
E02000193,3101,20,0.644953241,0.644953241,21,11,104
E02000194,4201,51,1.213996667,1.213996667,7,3,9
E02000195,3492,41,1.174112257,1.174112257,8,2,7
E02000196,2817,39,1.384451544,1.384451544,6,2,3
E02000197,3320,43,1.295180723,1.295180723,5,1,1
E02000198,3502,70,1.998857796,1.998857796,6,1,1
E02000199,3206,39,1.21646912,1.21646912,5,1,1
E02000200,4001,52,1.299675081,1.299675081,5,2,3
E02000201,3819,64,1.675831369,1.675831369,5,2,3
E02000202,3035,37,1.219110379,1.219110379,5,1,1
E02000203,3119,52,1.667201026,1.667201026,5,1,1
E02000204,3227,34,1.053610164,1.053610164,4,1,1
E02000206,4464,72,1.612903226,1.612903226,6,3,4
E02000207,3562,74,2.077484559,2.077484559,4,2,2
E02000208,4096,91,2.221679688,2.221679688,6,2,3
E02000209,3069,42,1.368523949,1.368523949,4,1,1
E02000210,3445,39,1.132075472,1.132075472,5,3,4
E02000211,3293,27,0.819921045,0.819921045,5,3,3
E02000212,3261,71,2.177246243,2.177246243,4,2,3
E02000213,5390,105,1.948051948,1.948051948,4,2,3
E02000214,2325,13,0.559139785,0.559139785,4,3,4
E02000215,5257,70,1.331557923,1.331557923,5,3,4
E02000216,2945,16,0.543293718,0.543293718,3,3,4
E02000217,5021,65,1.294562836,1.294562836,4,2,3
E02000218,2349,74,3.150276713,3.150276713,3,3,3
E02000219,2984,16,0.536193029,0.536193029,5,4,4
E02000220,,,#DIV/0!,#DIV/0!,3,2,3
E02000221,3988,83,2.081243731,2.081243731,6,4,6
E02000222,3637,34,0.934836404,0.934836404,3,3,4
E02000223,2789,96,3.44209394,3.44209394,2,1,1
E02000224,3273,32,0.977696303,0.977696303,4,3,5
E02000225,2657,51,1.919458035,1.919458035,1,0,0
E02000226,2784,16,0.574712644,0.574712644,3,3,4
E02000227,4839,64,1.322587311,1.322587311,5,4,4
E02000228,3010,10,0.332225914,0.332225914,3,3,4
E02000229,2239,61,2.724430549,2.724430549,1,0,0
E02000230,4232,37,0.874291115,0.874291115,4,3,4
E02000231,2754,7,0.254175744,0.254175744,5,3,4
E02000232,2372,17,0.716694772,0.716694772,3,2,2
E02000233,2399,27,1.125468945,1.125468945,4,4,5
E02000234,3722,37,0.994089199,0.994089199,3,3,4
E02000235,2657,11,0.414000753,0.414000753,5,5,6
E02000236,3307,29,0.876927729,0.876927729,2,2,2
E02000237,3035,19,0.626029654,0.626029654,2,2,2
E02000238,3736,32,0.856531049,0.856531049,6,2,7
E02000239,2927,17,0.580799453,0.580799453,8,2,7
E02000240,3900,49,1.256410256,1.256410256,6,1,1
E02000241,2603,23,0.883595851,0.883595851,7,1,1
E02000242,2229,7,0.314042171,0.314042171,4,1,6
E02000243,3126,26,0.831733845,0.831733845,9,2,7
E02000244,2939,24,0.816604287,0.816604287,6,2,7
E02000245,3355,76,2.265275708,2.265275708,6,0,0
E02000246,3071,48,1.563008792,1.563008792,7,1,1
E02000247,3887,87,2.238229997,2.238229997,6,1,1
E02000248,2991,31,1.036442661,1.036442661,4,0,0
E02000249,2914,31,1.063829787,1.063829787,8,1,1
E02000250,2541,13,0.511609603,0.511609603,4,0,0
E02000251,2542,26,1.02281668,1.02281668,5,0,0
E02000252,4412,48,1.087941976,1.087941976,6,0,0
E02000253,3839,60,1.562907007,1.562907007,6,0,0
E02000254,2607,20,0.767165324,0.767165324,6,0,0
E02000255,3796,71,1.870389884,1.870389884,7,0,0
E02000256,4028,28,0.695134062,0.695134062,5,0,0
E02000257,,,#DIV/0!,#DIV/0!,6,0,0
E02000258,2605,29,1.113243762,1.113243762,3,0,0
E02000259,2394,24,1.002506266,1.002506266,5,0,0
E02000260,2754,17,0.617283951,0.617283951,6,0,0
E02000261,4975,54,1.085427136,1.085427136,5,1,1
E02000262,3950,35,0.886075949,0.886075949,4,1,1
E02000263,3647,40,1.096791884,1.096791884,5,0,0
E02000264,3541,19,0.53657159,0.53657159,7,1,1
E02000265,4737,66,1.39328689,1.39328689,5,0,0
E02000266,4296,80,1.862197393,1.862197393,9,0,0
E02000267,3215,38,1.181959565,1.181959565,3,0,0
E02000268,3862,27,0.699119627,0.699119627,7,0,0
E02000269,3303,13,0.393581592,0.393581592,6,0,0
E02000270,4115,51,1.239368165,1.239368165,4,1,1
E02000271,2976,10,0.336021505,0.336021505,4,1,1
E02000272,2542,8,0.314712825,0.314712825,6,0,0
E02000274,,,#DIV/0!,#DIV/0!,7,1,1
E02000275,2348,21,0.894378194,0.894378194,5,0,0
E02000276,2723,10,0.367242012,0.367242012,5,0,0
E02000277,2627,63,2.398172821,2.398172821,4,0,0
E02000278,3339,88,2.635519617,2.635519617,4,0,0
E02000279,4416,136,3.079710145,3.079710145,4,0,0
E02000280,3413,53,1.552886024,1.552886024,4,0,0
E02000281,3548,75,2.113866967,2.113866967,6,0,0
E02000282,3466,109,3.144835545,3.144835545,6,0,0
E02000283,2799,79,2.822436584,2.822436584,5,0,0
E02000284,3616,38,1.050884956,1.050884956,4,0,0
E02000285,2462,14,0.568643379,0.568643379,6,0,0
E02000286,4004,27,0.674325674,0.674325674,4,0,0
E02000287,2873,18,0.626522798,0.626522798,5,0,0
E02000288,4054,96,2.368031574,2.368031574,7,0,0
E02000289,2420,19,0.785123967,0.785123967,6,0,0
E02000290,2520,67,2.658730159,2.658730159,8,2,14
E02000291,4328,59,1.363216266,1.363216266,6,0,0
E02000292,3568,53,1.485426009,1.485426009,7,0,0
E02000293,2490,6,0.240963855,0.240963855,6,0,0
E02000294,3089,71,2.298478472,2.298478472,7,2,14
E02000295,3350,40,1.194029851,1.194029851,8,0,0
E02000296,4040,33,0.816831683,0.816831683,7,0,0
E02000297,3473,18,0.518283904,0.518283904,7,0,0
E02000298,3060,8,0.261437908,0.261437908,10,0,0
E02000299,3315,65,1.960784314,1.960784314,7,0,0
E02000300,3000,64,2.133333333,2.133333333,9,0,0
E02000301,3723,91,2.444265377,2.444265377,10,3,43
E02000302,3119,32,1.025969862,1.025969862,10,0,0
E02000303,2976,64,2.150537634,2.150537634,8,0,0
E02000304,2912,10,0.343406593,0.343406593,9,0,0
E02000305,3455,25,0.723589001,0.723589001,7,0,0
E02000306,3398,98,2.884049441,2.884049441,7,1,29
E02000307,3342,38,1.137043686,1.137043686,9,0,0
E02000308,3227,30,0.929656027,0.929656027,8,0,0
E02000309,3991,92,2.30518667,2.30518667,7,1,29
E02000311,3634,56,1.541001651,1.541001651,10,1,2
E02000312,4494,25,0.556297285,0.556297285,10,1,2
E02000313,2596,84,3.235747304,3.235747304,4,1,1
E02000314,4534,92,2.029113366,2.029113366,9,2,3
E02000315,3490,82,2.349570201,2.349570201,8,1,1
E02000316,,,#DIV/0!,#DIV/0!,8,2,3
E02000317,2820,69,2.446808511,2.446808511,5,1,2
E02000318,3581,63,1.759285116,1.759285116,8,2,3
E02000319,3918,53,1.352730985,1.352730985,6,2,3
E02000320,2556,46,1.799687011,1.799687011,9,1,1
E02000321,2959,62,2.095302467,2.095302467,5,2,3
E02000323,4820,71,1.473029046,1.473029046,6,2,3
E02000324,2853,49,1.717490361,1.717490361,5,1,2
E02000326,3047,29,0.951755825,0.951755825,4,0,0
E02000327,2636,57,2.162367223,2.162367223,6,1,2
E02000328,2945,23,0.78098472,0.78098472,7,1,2
E02000329,2462,30,1.218521527,1.218521527,6,2,3
E02000331,3191,50,1.566906926,1.566906926,5,1,2
E02000332,3000,36,1.2,1.2,6,2,3
E02000333,2886,18,0.623700624,0.623700624,7,1,8
E02000334,2545,43,1.689587426,1.689587426,6,1,8
E02000335,2592,19,0.733024691,0.733024691,6,0,0
E02000337,3085,60,1.944894652,1.944894652,6,1,8
E02000339,2592,21,0.810185185,0.810185185,3,0,0
E02000340,3019,24,0.79496522,0.79496522,7,0,0
E02000341,2939,81,2.756039469,2.756039469,10,2,9
E02000342,2341,29,1.238786843,1.238786843,7,0,0
E02000343,2695,32,1.187384045,1.187384045,6,0,0
E02000344,2449,20,0.816659861,0.816659861,5,0,0
E02000345,2590,22,0.849420849,0.849420849,8,5,12
E02000346,3971,111,2.795265676,2.795265676,9,6,13
E02000347,2581,32,1.239829523,1.239829523,8,5,12
E02000348,2725,47,1.724770642,1.724770642,7,5,12
E02000350,3693,32,0.866504197,0.866504197,8,6,18
E02000351,4229,36,0.851265074,0.851265074,11,5,11
E02000352,2689,60,2.231312756,2.231312756,11,6,18
E02000353,3157,17,0.538485904,0.538485904,10,6,18
E02000354,3995,73,1.827284105,1.827284105,8,7,20
E02000355,3116,45,1.444159178,1.444159178,6,6,17
E02000356,3062,32,1.045068583,1.045068583,9,6,17
E02000357,2723,91,3.341902314,3.341902314,8,3,9
E02000358,4818,66,1.369863014,1.369863014,11,8,22
E02000359,2435,46,1.889117043,1.889117043,4,4,14
E02000360,4850,104,2.144329897,2.144329897,7,6,17
E02000361,3678,51,1.386623165,1.386623165,7,5,16
E02000362,2802,84,2.997858672,2.997858672,8,4,24
E02000363,4446,126,2.834008097,2.834008097,6,5,29
E02000364,4098,62,1.512933138,1.512933138,9,7,20
E02000365,,,#DIV/0!,#DIV/0!,10,7,20
E02000366,3540,57,1.610169492,1.610169492,7,4,25
E02000367,4592,53,1.154181185,1.154181185,10,6,47
E02000368,4154,77,1.853635051,1.853635051,13,8,51
E02000369,5929,81,1.366166301,1.366166301,16,8,51
E02000370,3993,73,1.828199349,1.828199349,17,8,85
E02000371,,,#DIV/0!,#DIV/0!,17,9,104
E02000372,3877,65,1.676554037,1.676554037,11,5,11
E02000373,2539,60,2.363135093,2.363135093,7,4,9
E02000374,2612,46,1.761102603,1.761102603,5,2,3
E02000375,3497,52,1.486988848,1.486988848,9,6,13
E02000376,3184,26,0.816582915,0.816582915,5,2,3
E02000377,3446,30,0.870574579,0.870574579,5,2,2
E02000378,3248,20,0.615763547,0.615763547,7,4,7
E02000379,3103,39,1.256848211,1.256848211,6,2,2
E02000380,2499,15,0.600240096,0.600240096,6,2,2
E02000381,3548,29,0.817361894,0.817361894,9,5,9
E02000382,2772,31,1.118326118,1.118326118,6,2,2
E02000383,4113,28,0.680768296,0.680768296,10,6,12
E02000384,3806,43,1.12979506,1.12979506,7,3,4
E02000385,2850,8,0.280701754,0.280701754,7,4,7
E02000386,3365,67,1.991084695,1.991084695,8,5,10
E02000387,2586,28,1.082753287,1.082753287,7,4,7
E02000388,4126,22,0.533204072,0.533204072,10,7,17
E02000389,3679,15,0.407719489,0.407719489,8,2,3
E02000390,2719,21,0.772342773,0.772342773,7,3,5
E02000391,3281,24,0.731484304,0.731484304,10,5,15
E02000392,4037,32,0.792667823,0.792667823,7,2,4
E02000393,2591,11,0.424546507,0.424546507,6,2,3
E02000394,4348,62,1.425942962,1.425942962,9,3,10
E02000395,2639,12,0.454717696,0.454717696,7,1,2
E02000396,2767,31,1.120346946,1.120346946,7,2,4
E02000397,3475,45,1.294964029,1.294964029,7,1,2
E02000398,2881,74,2.568552586,2.568552586,7,1,2
E02000400,3117,36,1.154956689,1.154956689,8,1,2
E02000401,2475,45,1.818181818,1.818181818,7,2,4
E02000402,2422,45,1.857968621,1.857968621,8,2,4
E02000403,2989,22,0.736032118,0.736032118,8,1,2
E02000404,2665,42,1.575984991,1.575984991,8,2,4
E02000405,2465,15,0.60851927,0.60851927,12,2,4
E02000406,2597,43,1.655756642,1.655756642,7,2,4
E02000407,3005,49,1.630615641,1.630615641,6,1,2
E02000408,3002,51,1.698867422,1.698867422,6,1,2
E02000409,2369,47,1.983959477,1.983959477,8,3,7
E02000410,2617,19,0.726022163,0.726022163,9,1,2
E02000411,3953,82,2.074373893,2.074373893,7,2,3
E02000412,2871,49,1.706722396,1.706722396,9,2,4
E02000413,2961,30,1.013171226,1.013171226,9,1,11
E02000414,2721,42,1.543550165,1.543550165,5,2,4
E02000415,2836,33,1.163610719,1.163610719,7,4,9
E02000416,3919,42,1.071701965,1.071701965,7,2,4
E02000417,2870,22,0.766550523,0.766550523,10,2,4
E02000418,2207,8,0.362483009,0.362483009,8,2,4
E02000419,3650,42,1.150684932,1.150684932,8,4,9
E02000420,3437,44,1.280186209,1.280186209,7,4,8
E02000421,3140,59,1.878980892,1.878980892,5,3,6
E02000422,2888,43,1.488919668,1.488919668,7,5,10
E02000423,2674,35,1.308900524,1.308900524,8,5,10
E02000424,2986,23,0.770261219,0.770261219,11,4,10
E02000425,2162,20,0.92506938,0.92506938,6,5,12
E02000426,2745,19,0.692167577,0.692167577,10,3,30
E02000427,2871,17,0.592128178,0.592128178,13,7,15
E02000428,2920,46,1.575342466,1.575342466,9,6,14
E02000429,3202,9,0.281074329,0.281074329,9,3,7
E02000430,3247,14,0.431167231,0.431167231,11,4,10
E02000431,2844,13,0.457102672,0.457102672,6,2,5
E02000432,2799,15,0.535905681,0.535905681,11,5,12
E02000433,3539,29,0.81944052,0.81944052,2,0,0
E02000434,3638,21,0.577240242,0.577240242,4,0,0
E02000435,2810,27,0.960854093,0.960854093,3,0,0
E02000436,2044,7,0.342465753,0.342465753,4,0,0
E02000437,3091,28,0.90585571,0.90585571,4,0,0
E02000438,3044,30,0.985545335,0.985545335,4,0,0
E02000439,2947,23,0.7804547,0.7804547,6,0,0
E02000440,3054,16,0.523903078,0.523903078,3,0,0
E02000441,2793,25,0.89509488,0.89509488,4,0,0
E02000442,2665,11,0.412757974,0.412757974,6,0,0
E02000443,3548,43,1.211950395,1.211950395,4,0,0
E02000444,2670,22,0.823970037,0.823970037,5,0,0
E02000445,3820,45,1.178010471,1.178010471,5,0,0
E02000447,2741,15,0.547245531,0.547245531,4,0,0
E02000448,2761,20,0.724375226,0.724375226,4,0,0
E02000449,2527,17,0.672734468,0.672734468,4,1,3
E02000451,2328,4,0.171821306,0.171821306,5,0,0
E02000452,3453,26,0.752968433,0.752968433,4,0,0
E02000453,3047,17,0.557925829,0.557925829,4,0,0
E02000454,2523,10,0.396353547,0.396353547,6,0,0
E02000455,4760,26,0.546218487,0.546218487,5,0,0
E02000456,2717,14,0.515274199,0.515274199,5,0,0
E02000457,2563,11,0.429184549,0.429184549,5,0,0
E02000459,3418,23,0.672908133,0.672908133,5,1,1
E02000460,2417,33,1.36532892,1.36532892,7,1,1
E02000461,2560,9,0.3515625,0.3515625,9,3,10
E02000462,2289,13,0.567933595,0.567933595,4,1,1
E02000463,2835,36,1.26984127,1.26984127,5,1,1
E02000464,2873,41,1.427079708,1.427079708,2,0,0
E02000465,3493,56,1.603206413,1.603206413,2,0,0
E02000466,3291,65,1.975083561,1.975083561,2,1,1
E02000467,4288,102,2.378731343,2.378731343,3,0,0
E02000468,3163,29,0.916851091,0.916851091,2,1,1
E02000469,2697,41,1.520207638,1.520207638,4,0,0
E02000470,4130,25,0.605326877,0.605326877,3,0,0
E02000471,2945,11,0.373514431,0.373514431,4,1,1
E02000472,3529,31,0.878435818,0.878435818,4,1,1
E02000473,4023,37,0.919711658,0.919711658,5,0,0
E02000474,3536,38,1.074660633,1.074660633,5,2,5
E02000475,3960,29,0.732323232,0.732323232,6,1,1
E02000476,4200,65,1.547619048,1.547619048,4,1,1
E02000477,3712,24,0.646551724,0.646551724,4,0,0
E02000478,2152,6,0.278810409,0.278810409,4,0,0
E02000479,3789,50,1.319609396,1.319609396,4,0,0
E02000480,5010,88,1.756487026,1.756487026,6,1,4
E02000481,3243,20,0.61671292,0.61671292,2,0,0
E02000482,2577,2,0.077609624,0.077609624,3,0,0
E02000483,3478,34,0.977573318,0.977573318,4,0,0
E02000484,3251,16,0.49215626,0.49215626,4,0,0
E02000485,3454,32,0.926462073,0.926462073,3,0,0
E02000486,2995,17,0.567612688,0.567612688,3,0,0
E02000487,2944,4,0.135869565,0.135869565,3,0,0
E02000488,3012,12,0.398406375,0.398406375,4,1,1
E02000489,3261,43,1.318613922,1.318613922,5,1,1
E02000490,3227,39,1.208552835,1.208552835,3,1,1
E02000491,3933,70,1.779811848,1.779811848,3,1,1
E02000492,2620,18,0.687022901,0.687022901,5,2,2
E02000493,2499,37,1.480592237,1.480592237,2,1,1
E02000494,3215,12,0.373250389,0.373250389,4,0,0
E02000495,4306,32,0.743149094,0.743149094,5,0,0
E02000496,3178,45,1.415984896,1.415984896,4,0,0
E02000497,3693,33,0.893582453,0.893582453,6,0,0
E02000498,2635,12,0.45540797,0.45540797,6,0,0
E02000499,3013,10,0.331895121,0.331895121,6,0,0
E02000500,3310,14,0.422960725,0.422960725,6,0,0
E02000501,3273,27,0.824931256,0.824931256,5,0,0
E02000502,3531,19,0.538091192,0.538091192,7,1,1
E02000503,3253,15,0.461112819,0.461112819,6,0,0
E02000504,2922,8,0.273785079,0.273785079,3,1,1
E02000506,2900,9,0.310344828,0.310344828,5,3,4
E02000507,2778,18,0.647948164,0.647948164,6,3,4
E02000508,4337,36,0.830066866,0.830066866,4,4,6
E02000509,3402,37,1.087595532,1.087595532,3,3,5
E02000510,3266,26,0.796080833,0.796080833,6,4,6
E02000511,3263,33,1.011339258,1.011339258,5,2,2
E02000512,3102,55,1.773049645,1.773049645,4,3,4
E02000513,3323,66,1.986157087,1.986157087,6,1,1
E02000514,3176,38,1.196473552,1.196473552,5,1,1
E02000515,5347,87,1.627080606,1.627080606,4,3,5
E02000516,2815,52,1.847246892,1.847246892,7,0,0
E02000517,3325,45,1.353383459,1.353383459,8,4,5
E02000518,3328,56,1.682692308,1.682692308,6,4,5
E02000519,3022,39,1.290536069,1.290536069,9,2,2
E02000520,4454,60,1.347103727,1.347103727,9,3,4
E02000521,4354,56,1.286173633,1.286173633,4,2,3
E02000522,3489,60,1.719690456,1.719690456,2,1,2
E02000523,3685,37,1.004070556,1.004070556,3,1,1
E02000524,2643,40,1.513431706,1.513431706,6,2,3
E02000525,3319,50,1.506477855,1.506477855,5,1,1
E02000526,3618,17,0.469872858,0.469872858,6,2,2
E02000528,,,#DIV/0!,#DIV/0!,8,2,2
E02000529,3036,44,1.449275362,1.449275362,7,1,1
E02000530,2518,51,2.025416998,2.025416998,7,1,1
E02000531,4942,49,0.991501416,0.991501416,9,2,3
E02000532,3820,28,0.732984293,0.732984293,7,2,2
E02000533,3688,25,0.677874187,0.677874187,5,1,1
E02000534,3002,15,0.499666889,0.499666889,10,2,2
E02000535,3007,18,0.598603259,0.598603259,6,1,1
E02000536,3249,37,1.138811942,1.138811942,7,1,1
E02000537,3155,6,0.190174326,0.190174326,7,2,2
E02000538,3005,28,0.931780366,0.931780366,5,2,2
E02000539,4728,48,1.015228426,1.015228426,8,3,4
E02000540,4487,46,1.025183864,1.025183864,5,2,2
E02000541,3278,31,0.945698597,0.945698597,4,1,1
E02000542,3951,42,1.06302202,1.06302202,6,1,1
E02000543,4891,41,0.838274382,0.838274382,7,2,2
E02000544,2921,15,0.513522766,0.513522766,6,2,2
E02000545,3548,85,2.395715896,2.395715896,8,3,4
E02000546,3160,32,1.012658228,1.012658228,7,3,3
E02000547,3854,45,1.167618059,1.167618059,5,2,2
E02000548,3727,53,1.422055272,1.422055272,2,1,1
E02000549,4083,34,0.832721038,0.832721038,6,2,2
E02000550,3719,68,1.828448508,1.828448508,3,2,2
E02000551,3418,68,1.989467525,1.989467525,6,2,2
E02000552,3359,30,0.893122953,0.893122953,3,2,2
E02000553,2598,25,0.962278676,0.962278676,5,2,2
E02000554,4201,80,1.904308498,1.904308498,12,3,8
E02000555,4033,43,1.066203818,1.066203818,11,2,5
E02000556,4949,60,1.212366135,1.212366135,13,4,10
E02000557,4139,51,1.232181686,1.232181686,12,4,23
E02000558,3959,87,2.197524627,2.197524627,13,4,10
E02000559,3991,37,0.927085943,0.927085943,15,7,18
E02000560,3274,32,0.977397679,0.977397679,16,5,14
E02000561,3164,27,0.85335019,0.85335019,15,5,27
E02000562,3485,41,1.176470588,1.176470588,13,6,16
E02000563,3856,93,2.411825726,2.411825726,15,3,8
E02000564,5665,65,1.147396293,1.147396293,17,5,14
E02000565,3496,89,2.54576659,2.54576659,11,7,21
E02000566,3837,30,0.781860829,0.781860829,16,6,19
E02000567,4896,71,1.450163399,1.450163399,13,5,14
E02000568,4666,96,2.057436777,2.057436777,19,5,20
E02000569,4603,79,1.716271997,1.716271997,17,7,25
E02000570,3993,42,1.051840721,1.051840721,17,6,22
E02000571,4123,76,1.843317972,1.843317972,13,6,34
E02000572,3526,80,2.268859898,2.268859898,18,7,87
E02000573,4922,55,1.117431938,1.117431938,22,10,96
E02000574,3608,28,0.776053215,0.776053215,20,9,91
E02000575,5167,67,1.296690536,1.296690536,21,11,96
E02000576,4950,97,1.95959596,1.95959596,20,12,119
E02000577,3175,44,1.385826772,1.385826772,13,4,10
E02000578,2311,50,2.163565556,2.163565556,9,4,10
E02000579,3820,38,0.994764398,0.994764398,11,5,11
E02000580,3988,37,0.92778335,0.92778335,12,5,12
E02000581,3007,55,1.829065514,1.829065514,12,6,13
E02000582,3271,11,0.336288597,0.336288597,12,6,15
E02000583,3120,20,0.641025641,0.641025641,12,6,13
E02000584,3333,30,0.900090009,0.900090009,15,9,17
E02000585,3384,19,0.561465721,0.561465721,12,7,14
E02000586,2881,6,0.20826102,0.20826102,10,7,18
E02000587,3026,3,0.09914078,0.09914078,12,8,15
E02000588,3081,9,0.29211295,0.29211295,9,8,27
E02000589,3658,15,0.410060142,0.410060142,9,8,19
E02000590,3050,23,0.754098361,0.754098361,9,7,20
E02000591,3243,30,0.92506938,0.92506938,10,8,19
E02000592,2838,4,0.140944327,0.140944327,9,8,22
E02000593,3688,11,0.298264642,0.298264642,9,7,17
E02000594,2920,12,0.410958904,0.410958904,9,6,18
E02000595,3029,15,0.495212942,0.495212942,11,7,20
E02000596,3072,14,0.455729167,0.455729167,9,6,16
E02000597,2995,37,1.235392321,1.235392321,9,5,14
E02000598,2970,15,0.505050505,0.505050505,6,2,7
E02000599,2352,12,0.510204082,0.510204082,6,2,7
E02000600,3379,22,0.651080201,0.651080201,4,2,7
E02000601,4856,31,0.638385502,0.638385502,5,2,7
E02000602,4045,47,1.161928307,1.161928307,5,2,7
E02000603,2950,47,1.593220339,1.593220339,5,2,7
E02000604,3559,22,0.618151166,0.618151166,4,1,1
E02000605,3115,24,0.77046549,0.77046549,6,3,8
E02000606,4810,10,0.207900208,0.207900208,4,2,7
E02000607,2580,10,0.387596899,0.387596899,5,2,7
E02000608,3406,16,0.469759248,0.469759248,4,2,7
E02000609,2738,16,0.584368152,0.584368152,6,2,2
E02000610,3878,23,0.593089221,0.593089221,4,3,8
E02000611,2652,9,0.339366516,0.339366516,5,3,8
E02000612,3078,17,0.552306693,0.552306693,6,2,2
E02000613,3192,33,1.033834586,1.033834586,3,2,2
E02000614,3372,29,0.860023725,0.860023725,6,3,3
E02000615,2957,13,0.439634765,0.439634765,3,2,2
E02000616,2390,12,0.50209205,0.50209205,2,2,2
E02000617,3345,32,0.956651719,0.956651719,1,1,1
E02000619,4055,80,1.972872996,1.972872996,14,9,40
E02000620,4587,65,1.41704818,1.41704818,14,9,40
E02000621,6009,49,0.815443501,0.815443501,13,7,36
E02000622,3636,42,1.155115512,1.155115512,12,7,38
E02000623,3329,61,1.832382097,1.832382097,11,6,35
E02000624,4274,58,1.357042583,1.357042583,10,5,31
E02000625,3801,62,1.631149697,1.631149697,9,3,18
E02000626,3449,74,2.145549435,2.145549435,9,4,34
E02000627,3922,54,1.376848547,1.376848547,10,4,29
E02000628,4478,89,1.987494417,1.987494417,9,4,34
E02000629,4013,36,0.897084475,0.897084475,8,2,11
E02000630,3429,31,0.90405366,0.90405366,8,1,9
E02000631,3736,45,1.204496788,1.204496788,9,5,43
E02000632,4261,35,0.821403426,0.821403426,8,1,9
E02000633,3960,67,1.691919192,1.691919192,7,3,27
E02000634,3104,30,0.966494845,0.966494845,8,1,9
E02000635,4335,51,1.176470588,1.176470588,10,5,36
E02000636,3080,15,0.487012987,0.487012987,7,1,9
E02000637,3703,27,0.729138536,0.729138536,6,2,11
E02000638,4107,60,1.46092038,1.46092038,6,2,11
E02000639,3725,53,1.422818792,1.422818792,6,2,11
E02000640,3805,43,1.130091984,1.130091984,6,1,9
E02000641,3393,83,2.446212791,2.446212791,5,2,11
E02000642,4171,76,1.822105011,1.822105011,7,4,23
E02000643,3949,31,0.785008863,0.785008863,3,1,2
E02000644,3495,33,0.944206009,0.944206009,3,2,7
E02000645,4045,38,0.939431397,0.939431397,5,2,7
E02000646,3907,20,0.511901715,0.511901715,3,1,2
E02000647,3422,37,1.081239041,1.081239041,4,2,7
E02000648,3193,73,2.286251174,2.286251174,4,2,7
E02000649,5304,68,1.282051282,1.282051282,5,1,2
E02000650,3277,73,2.227647238,2.227647238,3,2,7
E02000651,3481,35,1.005458202,1.005458202,4,1,2
E02000652,2544,22,0.864779874,0.864779874,5,0,0
E02000653,5293,80,1.511430191,1.511430191,10,5,27
E02000654,3595,81,2.253129346,2.253129346,8,3,19
E02000655,4003,63,1.573819635,1.573819635,10,5,34
E02000657,3989,56,1.403860617,1.403860617,9,3,13
E02000658,3458,41,1.185656449,1.185656449,9,5,28
E02000659,3544,51,1.439051919,1.439051919,11,4,13
E02000660,3604,42,1.165371809,1.165371809,8,2,4
E02000661,3048,24,0.787401575,0.787401575,10,3,11
E02000662,3303,49,1.483499849,1.483499849,8,3,13
E02000663,2818,34,1.206529454,1.206529454,10,3,12
E02000664,,,#DIV/0!,#DIV/0!,11,4,13
E02000665,3414,26,0.761570006,0.761570006,8,3,11
E02000666,2736,33,1.206140351,1.206140351,11,4,13
E02000667,2522,22,0.872323553,0.872323553,8,2,3
E02000668,2727,33,1.210121012,1.210121012,7,2,9
E02000669,3309,42,1.269265639,1.269265639,8,3,11
E02000670,2784,43,1.54454023,1.54454023,6,3,11
E02000671,3683,39,1.058919359,1.058919359,7,1,2
E02000672,4199,61,1.45272684,1.45272684,8,3,11
E02000673,3495,29,0.829756795,0.829756795,8,3,14
E02000674,3061,25,0.81672656,0.81672656,7,2,9
E02000675,3421,47,1.37386729,1.37386729,9,2,9
E02000676,3188,42,1.317440402,1.317440402,5,1,2
E02000677,2641,29,1.098068913,1.098068913,9,3,11
E02000678,2613,66,2.525832377,2.525832377,9,2,9
E02000679,3372,57,1.690391459,1.690391459,7,3,9
E02000680,2915,44,1.509433962,1.509433962,5,1,5
E02000681,3352,47,1.402147971,1.402147971,7,3,5
E02000682,3217,98,3.046316444,3.046316444,7,1,1
E02000683,2724,61,2.239353891,2.239353891,7,1,1
E02000685,3426,63,1.838879159,1.838879159,7,3,9
E02000686,3045,63,2.068965517,2.068965517,9,2,3
E02000687,3458,53,1.532677848,1.532677848,6,2,7
E02000689,3513,22,0.626245374,0.626245374,6,1,3
E02000690,2220,4,0.18018018,0.18018018,5,0,0
E02000691,2957,12,0.405816706,0.405816706,6,1,3
E02000692,3571,7,0.196023523,0.196023523,4,0,0
E02000693,4285,25,0.583430572,0.583430572,6,1,3
E02000694,3837,24,0.625488663,0.625488663,6,1,3
E02000695,2941,12,0.408024481,0.408024481,5,1,3
E02000696,3266,29,0.887936314,0.887936314,4,1,3
E02000697,3664,5,0.136462882,0.136462882,5,1,3
E02000698,3181,15,0.471549827,0.471549827,4,0,0
E02000699,3263,8,0.245173154,0.245173154,4,0,0
E02000700,3358,57,1.697438952,1.697438952,5,1,3
E02000701,3110,39,1.254019293,1.254019293,5,1,3
E02000702,3367,44,1.306801307,1.306801307,8,2,4
E02000703,2937,11,0.374531835,0.374531835,6,1,3
E02000704,3575,40,1.118881119,1.118881119,5,0,0
E02000705,3112,19,0.610539846,0.610539846,3,0,0
E02000706,3533,68,1.924709878,1.924709878,5,1,3
E02000707,2780,51,1.834532374,1.834532374,5,1,1
E02000708,3255,17,0.522273425,0.522273425,6,1,1
E02000709,2870,12,0.418118467,0.418118467,7,1,1
E02000710,3441,29,0.842778262,0.842778262,8,2,4
E02000711,3458,36,1.041064199,1.041064199,7,1,3
E02000712,3404,39,1.145710928,1.145710928,5,0,0
E02000713,2829,16,0.565570873,0.565570873,7,1,1
E02000714,2647,39,1.473366075,1.473366075,10,4,12
E02000715,2090,29,1.387559809,1.387559809,8,7,14
E02000716,2299,23,1.000434972,1.000434972,10,7,17
E02000717,2396,34,1.41903172,1.41903172,8,6,13
E02000718,2249,38,1.68963984,1.68963984,8,6,10
E02000719,2875,40,1.391304348,1.391304348,10,3,9
E02000720,2124,20,0.941619586,0.941619586,10,4,9
E02000721,2765,30,1.084990958,1.084990958,9,3,8
E02000722,2936,24,0.817438692,0.817438692,8,1,1
E02000723,2863,32,1.117708697,1.117708697,10,7,14
E02000724,2532,28,1.105845182,1.105845182,8,5,11
E02000725,3999,61,1.525381345,1.525381345,8,1,15
E02000726,,,#DIV/0!,#DIV/0!,12,5,24
E02000727,2288,17,0.743006993,0.743006993,7,3,5
E02000728,2341,13,0.55531824,0.55531824,7,6,10
E02000729,2198,26,1.18289354,1.18289354,8,2,2
E02000730,2567,25,0.973899494,0.973899494,7,3,5
E02000731,2769,22,0.794510654,0.794510654,10,5,8
E02000732,2750,57,2.072727273,2.072727273,7,3,5
E02000733,3459,45,1.300954033,1.300954033,6,1,1
E02000734,2492,35,1.404494382,1.404494382,6,1,1
E02000735,2662,36,1.352366642,1.352366642,8,3,3
E02000736,2656,55,2.070783133,2.070783133,8,5,8
E02000737,3070,44,1.433224756,1.433224756,9,5,8
E02000738,2782,30,1.078360891,1.078360891,6,1,1
E02000739,2477,34,1.372628179,1.372628179,7,2,2
E02000740,2494,46,1.844426624,1.844426624,8,3,18
E02000741,2682,36,1.342281879,1.342281879,7,2,2
E02000742,2533,40,1.579155152,1.579155152,7,3,3
E02000743,3578,69,1.928451649,1.928451649,6,3,5
E02000744,3324,62,1.865222623,1.865222623,6,2,2
E02000745,2876,45,1.564673157,1.564673157,7,2,2
E02000746,3396,60,1.766784452,1.766784452,8,3,4
E02000747,5446,48,0.88138083,0.88138083,7,4,20
E02000748,2210,25,1.131221719,1.131221719,5,1,1
E02000749,3331,66,1.981386971,1.981386971,5,1,1
E02000750,,,#DIV/0!,#DIV/0!,9,4,7
E02000751,4438,54,1.216764308,1.216764308,7,5,51
E02000752,3266,43,1.316595224,1.316595224,4,3,9
E02000753,2471,36,1.45690004,1.45690004,2,2,8
E02000754,2591,25,0.964878425,0.964878425,3,2,8
E02000755,2187,20,0.914494742,0.914494742,3,2,8
E02000756,5259,41,0.779615897,0.779615897,5,4,13
E02000757,5179,26,0.502027418,0.502027418,6,4,16
E02000758,2315,19,0.820734341,0.820734341,5,4,16
E02000759,4819,45,0.933803694,0.933803694,4,3,12
E02000760,2628,30,1.141552511,1.141552511,3,2,8
E02000762,2106,8,0.379867047,0.379867047,3,2,8
E02000763,2575,26,1.009708738,1.009708738,8,6,19
E02000764,5368,28,0.521609538,0.521609538,10,6,24
E02000765,2428,23,0.947281713,0.947281713,4,3,10
E02000767,2768,16,0.578034682,0.578034682,5,4,12
E02000768,2202,11,0.499545867,0.499545867,8,5,23
E02000769,,,#DIV/0!,#DIV/0!,6,3,10
E02000770,2489,17,0.683005223,0.683005223,7,6,20
E02000772,2536,29,1.143533123,1.143533123,7,4,14
E02000773,3118,38,1.218729955,1.218729955,6,5,14
E02000774,2458,22,0.895036615,0.895036615,5,5,16
E02000776,2080,15,0.721153846,0.721153846,6,6,14
E02000777,2324,15,0.645438898,0.645438898,13,8,24
E02000779,2775,21,0.756756757,0.756756757,7,7,18
E02000780,,,#DIV/0!,#DIV/0!,8,8,19
E02000781,4426,48,1.084500678,1.084500678,7,6,15
E02000782,3578,51,1.425377306,1.425377306,8,8,16
E02000783,2114,39,1.844843898,1.844843898,8,8,16
E02000784,4176,23,0.550766284,0.550766284,8,3,4
E02000785,4162,6,0.144161461,0.144161461,9,3,4
E02000786,4945,33,0.667340748,0.667340748,5,0,0
E02000787,5172,42,0.812064965,0.812064965,6,2,3
E02000788,3626,20,0.55157198,0.55157198,5,1,2
E02000789,2842,13,0.457424349,0.457424349,6,2,3
E02000790,2703,9,0.332963374,0.332963374,5,2,3
E02000791,2969,6,0.202088245,0.202088245,6,2,3
E02000792,3101,12,0.386971945,0.386971945,5,2,3
E02000793,3138,19,0.605481198,0.605481198,6,3,3
E02000794,2756,10,0.362844702,0.362844702,8,3,4
E02000795,2590,13,0.501930502,0.501930502,11,3,9
E02000796,3980,52,1.306532663,1.306532663,7,3,3
E02000797,3478,16,0.460034503,0.460034503,8,2,3
E02000798,4327,26,0.600878207,0.600878207,6,1,1
E02000799,2441,9,0.368701352,0.368701352,6,0,0
E02000800,2156,21,0.974025974,0.974025974,7,2,3
E02000801,3017,18,0.596619158,0.596619158,8,1,1
E02000802,2976,16,0.537634409,0.537634409,5,1,1
E02000803,4097,37,0.903099829,0.903099829,4,1,1
E02000804,3171,21,0.662251656,0.662251656,8,2,7
E02000805,4635,39,0.841423948,0.841423948,7,2,7
E02000806,4256,25,0.587406015,0.587406015,7,2,7
E02000807,3733,21,0.562550228,0.562550228,10,5,41
E02000808,4693,42,0.894949925,0.894949925,19,12,102
E02000809,,,#DIV/0!,#DIV/0!,14,10,121
E02000810,5397,100,1.85288123,1.85288123,8,7,52
E02000812,4532,72,1.58870256,1.58870256,13,10,101
E02000813,4484,81,1.806422837,1.806422837,11,6,48
E02000814,4593,39,0.849118223,0.849118223,10,5,23
E02000815,3232,43,1.330445545,1.330445545,11,9,95
E02000816,4143,74,1.786145305,1.786145305,7,6,48
E02000817,2926,66,2.255639098,2.255639098,8,4,32
E02000818,4490,62,1.380846325,1.380846325,11,7,40
E02000819,3553,81,2.27976358,2.27976358,10,8,56
E02000820,4228,82,1.939451277,1.939451277,11,7,34
E02000821,3133,71,2.266198532,2.266198532,10,7,47
E02000822,2774,54,1.946647441,1.946647441,11,8,49
E02000823,3637,47,1.292273852,1.292273852,12,8,49
E02000824,3792,92,2.426160338,2.426160338,11,7,57
E02000825,3889,88,2.262792492,2.262792492,10,6,48
E02000826,4024,77,1.913518887,1.913518887,10,6,48
E02000827,5018,88,1.753686728,1.753686728,13,8,52
E02000828,3595,62,1.724617524,1.724617524,9,5,41
E02000829,4740,76,1.603375527,1.603375527,9,6,43
E02000830,3764,22,0.584484591,0.584484591,10,6,49
E02000831,4051,49,1.209577882,1.209577882,10,5,40
E02000832,4099,72,1.756525982,1.756525982,9,4,29
E02000833,3049,48,1.574286651,1.574286651,9,5,43
E02000834,4102,21,0.511945392,0.511945392,8,4,29
E02000835,3027,38,1.255368352,1.255368352,9,3,18
E02000836,3337,20,0.599340725,0.599340725,6,3,27
E02000837,3151,12,0.380831482,0.380831482,9,5,34
E02000838,3922,32,0.81591025,0.81591025,7,3,14
E02000839,3430,68,1.982507289,1.982507289,5,2,7
E02000840,3478,56,1.610120759,1.610120759,6,0,0
E02000841,3300,59,1.787878788,1.787878788,5,0,0
E02000842,2958,15,0.507099391,0.507099391,6,0,0
E02000843,3977,38,0.955494091,0.955494091,4,0,0
E02000844,3222,58,1.800124146,1.800124146,5,0,0
E02000845,3608,26,0.720620843,0.720620843,6,1,1
E02000846,2785,13,0.466786355,0.466786355,5,0,0
E02000847,3682,19,0.5160239,0.5160239,5,1,1
E02000848,2915,13,0.445969125,0.445969125,4,0,0
E02000849,3247,23,0.708346166,0.708346166,4,0,0
E02000850,4089,28,0.684764001,0.684764001,8,2,3
E02000851,5036,60,1.191421763,1.191421763,5,0,0
E02000852,3250,24,0.738461538,0.738461538,6,0,0
E02000853,3203,25,0.780518264,0.780518264,3,0,0
E02000854,3085,23,0.74554295,0.74554295,6,0,0
E02000855,3211,10,0.311429461,0.311429461,4,0,0
E02000856,3798,32,0.84254871,0.84254871,4,1,2
E02000857,4078,25,0.613045611,0.613045611,3,0,0
E02000858,3309,75,2.266545784,2.266545784,5,2,4
E02000859,3491,23,0.658837009,0.658837009,4,0,0
E02000860,4118,29,0.704225352,0.704225352,3,0,0
E02000861,2863,11,0.384212365,0.384212365,4,0,0
E02000863,2424,16,0.660066007,0.660066007,5,2,3
E02000864,4664,59,1.265008576,1.265008576,7,3,20
E02000865,2899,36,1.24180752,1.24180752,12,7,50
E02000866,4151,30,0.722717417,0.722717417,10,6,47
E02000867,4874,55,1.128436602,1.128436602,7,3,19
E02000868,2788,21,0.753228121,0.753228121,12,6,48
E02000869,2524,33,1.307448494,1.307448494,15,8,51
E02000870,2420,32,1.32231405,1.32231405,11,6,45
E02000871,4226,66,1.56176053,1.56176053,6,4,20
E02000872,3195,36,1.126760563,1.126760563,13,7,49
E02000873,2921,37,1.26668949,1.26668949,8,4,40
E02000874,2524,34,1.347068146,1.347068146,10,5,43
E02000875,5082,80,1.574183392,1.574183392,6,4,20
E02000876,2777,22,0.792221822,0.792221822,12,7,59
E02000877,4915,73,1.485249237,1.485249237,8,4,39
E02000878,4010,28,0.698254364,0.698254364,13,7,99
E02000879,3050,33,1.081967213,1.081967213,9,4,47
E02000880,2280,22,0.964912281,0.964912281,9,4,34
E02000881,3853,82,2.128211783,2.128211783,6,4,20
E02000882,3809,61,1.601470202,1.601470202,9,5,48
E02000883,3028,39,1.287978864,1.287978864,6,4,20
E02000884,5116,39,0.762314308,0.762314308,12,7,55
E02000885,2390,18,0.753138075,0.753138075,8,3,32
E02000886,3820,34,0.890052356,0.890052356,10,5,48
E02000887,3944,67,1.698782961,1.698782961,8,4,20
E02000888,3358,33,0.982727814,0.982727814,11,6,44
E02000889,3811,26,0.682235634,0.682235634,13,8,67
E02000890,2890,9,0.311418685,0.311418685,14,9,120
E02000891,,,#DIV/0!,#DIV/0!,9,4,7
E02000893,2986,40,1.339584729,1.339584729,7,3,6
E02000894,4467,45,1.007387508,1.007387508,10,4,15
E02000895,3275,38,1.160305344,1.160305344,4,3,43
E02000896,3837,19,0.495178525,0.495178525,4,3,43
E02000897,3371,47,1.394245031,1.394245031,6,5,51
E02000898,3200,35,1.09375,1.09375,6,4,47
E02000899,3227,24,0.743724822,0.743724822,5,3,43
E02000900,3117,57,1.828681424,1.828681424,8,2,33
E02000901,3848,30,0.77962578,0.77962578,9,6,55
E02000902,3518,51,1.449687322,1.449687322,6,3,40
E02000903,3468,68,1.960784314,1.960784314,8,2,33
E02000904,3104,37,1.192010309,1.192010309,7,4,41
E02000905,3629,41,1.12978782,1.12978782,6,2,33
E02000906,3627,57,1.571546733,1.571546733,4,1,4
E02000907,4067,75,1.844111138,1.844111138,6,2,11
E02000908,5238,80,1.527300496,1.527300496,10,3,7
E02000909,3565,40,1.122019635,1.122019635,9,5,20
E02000910,4406,34,0.771674989,0.771674989,4,1,4
E02000911,4847,59,1.217247782,1.217247782,4,1,4
E02000912,3272,47,1.436430318,1.436430318,9,4,11
E02000913,3112,20,0.642673522,0.642673522,8,3,12
E02000914,3970,68,1.712846348,1.712846348,8,2,8
E02000915,3280,27,0.823170732,0.823170732,10,5,23
E02000916,3981,42,1.055011304,1.055011304,6,3,7
E02000917,3650,44,1.205479452,1.205479452,6,1,4
E02000918,3413,51,1.494286551,1.494286551,9,3,12
E02000919,3356,18,0.536352801,0.536352801,7,2,8
E02000920,3815,44,1.153342071,1.153342071,9,3,10
E02000921,4059,58,1.42892338,1.42892338,9,3,12
E02000922,3635,40,1.100412655,1.100412655,9,4,13
E02000923,3471,18,0.518582541,0.518582541,13,7,20
E02000924,,,#DIV/0!,#DIV/0!,14,6,22
E02000925,3363,56,1.665179899,1.665179899,8,2,8
E02000926,5552,35,0.630403458,0.630403458,10,3,10
E02000927,3229,33,1.021988232,1.021988232,7,1,6
E02000928,3610,21,0.581717452,0.581717452,5,1,2
E02000929,3493,71,2.032636702,2.032636702,8,2,8
E02000930,4264,26,0.609756098,0.609756098,9,1,6
E02000931,3486,5,0.143430866,0.143430866,7,0,0
E02000932,5931,34,0.573259147,0.573259147,11,1,2
E02000933,3930,13,0.330788804,0.330788804,7,0,0
E02000934,4195,12,0.286054827,0.286054827,10,1,2
E02000935,2436,59,2.422003284,2.422003284,3,0,0
E02000936,4385,24,0.54732041,0.54732041,6,1,2
E02000937,3128,12,0.383631714,0.383631714,9,0,0
E02000938,4347,63,1.449275362,1.449275362,6,0,0
E02000939,2836,7,0.246826516,0.246826516,8,0,0
E02000940,4214,51,1.210251542,1.210251542,7,0,0
E02000941,4135,20,0.483675937,0.483675937,9,0,0
E02000942,3816,9,0.235849057,0.235849057,8,1,2
E02000943,3811,18,0.472316977,0.472316977,7,0,0
E02000944,2888,53,1.835180055,1.835180055,6,0,0
E02000945,2762,41,1.484431571,1.484431571,4,0,0
E02000946,3105,31,0.998389694,0.998389694,9,0,0
E02000947,3919,17,0.433784129,0.433784129,6,0,0
E02000948,4384,24,0.547445255,0.547445255,7,1,3
E02000949,4257,6,0.140944327,0.140944327,9,1,3
E02000950,3112,31,0.996143959,0.996143959,6,0,0
E02000951,2821,21,0.744416873,0.744416873,5,0,0
E02000952,2656,11,0.414156627,0.414156627,4,0,0
E02000953,3212,12,0.373599004,0.373599004,7,1,3
E02000954,2241,12,0.535475234,0.535475234,6,1,3
E02000955,2679,44,1.642403882,1.642403882,5,1,3
E02000956,3033,33,1.088031652,1.088031652,5,1,3
E02000957,4419,37,0.837293505,0.837293505,6,1,3
E02000958,2917,27,0.925608502,0.925608502,5,1,3
E02000959,3104,36,1.159793814,1.159793814,5,1,3
E02000960,2783,15,0.538986705,0.538986705,21,9,51
E02000961,4066,49,1.205115593,1.205115593,16,8,34
E02000962,3857,36,0.933367903,0.933367903,16,8,29
E02000963,4137,77,1.861252115,1.861252115,11,4,10
E02000964,5360,118,2.201492537,2.201492537,13,6,15
E02000965,3625,26,0.717241379,0.717241379,13,6,15
E02000966,4109,16,0.389389146,0.389389146,14,7,22
E02000967,3016,8,0.265251989,0.265251989,20,10,41
E02000968,5619,137,2.438156256,2.438156256,15,8,28
E02000969,3720,119,3.198924731,3.198924731,12,6,15
E02000970,3556,10,0.281214848,0.281214848,17,12,46
E02000971,3724,10,0.268528464,0.268528464,12,5,22
E02000972,4256,17,0.39943609,0.39943609,18,11,96
E02000973,4799,34,0.708480934,0.708480934,15,8,20
E02000974,3981,34,0.85405677,0.85405677,16,10,31
E02000975,3803,17,0.447015514,0.447015514,17,11,35
E02000976,4212,16,0.379867047,0.379867047,13,9,21
E02000977,3437,13,0.378236834,0.378236834,26,18,125
E02000978,2765,8,0.289330922,0.289330922,23,15,46
E02000979,3924,33,0.840978593,0.840978593,20,13,95
E02000980,4325,48,1.10982659,1.10982659,11,6,18
E02000981,4157,24,0.577339427,0.577339427,12,6,17
E02000982,3841,53,1.379848998,1.379848998,11,7,20
E02000983,3757,47,1.250998137,1.250998137,9,5,15
E02006782,3197,30,0.938379731,0.938379731,7,0,0
E02006783,2894,69,2.384243262,2.384243262,7,1,1
E02006784,3120,49,1.570512821,1.570512821,9,1,1
E02006785,2575,13,0.504854369,0.504854369,7,1,1
E02006786,2876,53,1.842837274,1.842837274,8,2,3
E02006787,3086,21,0.680492547,0.680492547,5,2,3
E02006788,2901,72,2.481902792,2.481902792,5,3,4
E02006789,2788,16,0.573888092,0.573888092,2,0,0
E02006791,3452,19,0.550405562,0.550405562,3,1,1
E02006792,4144,24,0.579150579,0.579150579,8,1,1
E02006793,3391,90,2.654084341,2.654084341,8,0,0
E02006794,3126,66,2.111324376,2.111324376,6,1,2
E02006795,2643,12,0.454029512,0.454029512,7,0,0
E02006796,3576,34,0.950782998,0.950782998,8,1,1
E02006798,3777,64,1.694466508,1.694466508,12,4,28
E02006799,3892,84,2.158273381,2.158273381,5,3,10
E02006800,4514,43,0.952591936,0.952591936,7,4,12
E02006801,3712,35,0.942887931,0.942887931,18,12,99
E02006802,3941,61,1.5478305,1.5478305,17,11,105
E02006836,3214,16,0.497822029,0.497822029,2,0,0
E02006853,5041,68,1.348938703,1.348938703,7,4,15
E02006854,3530,20,0.566572238,0.566572238,7,3,13
E02006882,4398,13,0.295588904,0.295588904,6,1,3
E02006918,3172,77,2.427490542,2.427490542,7,6,17
E02006921,2782,46,1.6534867,1.6534867,6,5,15
E02006924,4096,14,0.341796875,0.341796875,9,8,22
E02006925,4189,16,0.381952733,0.381952733,7,6,24
E02006927,5087,55,1.08118734,1.08118734,10,2,9
E02006928,5267,105,1.993544712,1.993544712,8,1,2
E02006929,,,#DIV/0!,#DIV/0!,10,4,7
E02006930,4227,50,1.182872013,1.182872013,9,2,4
E02006931,4137,34,0.821851583,0.821851583,12,3,12
E02006941,2984,9,0.301608579,0.301608579,0,0,0
E02006942,3362,36,1.070791196,1.070791196,0,0,0
E02006953,3858,50,1.296008294,1.296008294,0,0,0
E02006954,3720,37,0.994623656,0.994623656,0,0,0
E02006955,2711,21,0.774621911,0.774621911,0,0,0
E02006956,2503,20,0.799041151,0.799041151,0,0,0
E02006968,3560,15,0.421348315,0.421348315,0,0,0
E02006969,2980,11,0.369127517,0.369127517,0,0,0
E02006970,2033,22,1.082144614,1.082144614,0,0,0
E02006971,2222,37,1.665166517,1.665166517,0,0,0
E02006972,2333,37,1.585940849,1.585940849,0,0,0
E02006973,3725,50,1.342281879,1.342281879,0,0,0
E02006987,3877,25,0.644828476,0.644828476,0,0,0
E02006988,3305,28,0.84720121,0.84720121,0,0,0
E02006991,3232,16,0.495049505,0.495049505,0,0,0
E02006992,3767,56,1.486594107,1.486594107,0,0,0
E02006993,3627,44,1.213123794,1.213123794,0,0,0
E02006994,3283,48,1.462077368,1.462077368,0,0,0
E02006995,3242,47,1.449722394,1.449722394,0,0,0
E02006996,3159,31,0.981323204,0.981323204,0,0,0
E02006997,3233,31,0.958861738,0.958861738,0,0,0
E02006998,2667,45,1.687289089,1.687289089,0,0,0
E02006999,5045,42,0.832507433,0.832507433,0,0,0
E02007008,2660,41,1.541353383,1.541353383,0,0,0
E02007009,3988,56,1.404212638,1.404212638,0,0,0
E02007017,2763,26,0.941006153,0.941006153,0,0,0
E02007018,2532,36,1.421800948,1.421800948,0,0,0
E02007019,2403,23,0.957136912,0.957136912,0,0,0
E02007020,2721,26,0.955531055,0.955531055,0,0,0
E02007083,4105,29,0.706455542,0.706455542,0,0,0
E02007084,4137,70,1.692047377,1.692047377,0,0,0
E02007108,2801,15,0.535523027,0.535523027,0,0,0
E02007109,3303,55,1.665152891,1.665152891,0,0,0
E02007110,3359,55,1.637392081,1.637392081,0,0,0
E02007111,2816,17,0.603693182,0.603693182,0,0,0
E02007112,2916,17,0.582990398,0.582990398,0,0,0
E02007113,3271,31,0.947722409,0.947722409,0,0,0
E02007114,3034,43,1.417270929,1.417270929,0,0,0
E02007115,4465,49,1.097424412,1.097424412,0,0,0