MSOA11CD,library_name_sum,filtered_library_name_sum,keyword_frequency_sum
E02000001,26,15.0,126.0
E02000002,4,2.0,5.0
E02000003,7,4.0,11.0
E02000004,6,1.0,1.0
E02000005,6,2.0,8.0
E02000007,3,0.0,0.0
E02000008,6,3.0,10.0
E02000009,5,3.0,10.0
E02000010,2,0.0,0.0
E02000011,4,1.0,1.0
E02000012,6,5.0,11.0
E02000013,5,2.0,6.0
E02000014,2,0.0,0.0
E02000015,2,1.0,1.0
E02000016,7,6.0,10.0
E02000017,6,5.0,9.0
E02000018,5,2.0,5.0
E02000019,4,0.0,0.0
E02000020,6,3.0,4.0
E02000021,2,1.0,1.0
E02000022,4,3.0,4.0
E02000023,4,1.0,1.0
E02000024,1,0.0,0.0
E02000025,2,0.0,0.0
E02000026,4,0.0,0.0
E02000027,2,0.0,0.0
E02000028,3,0.0,0.0
E02000029,6,0.0,0.0
E02000030,5,0.0,0.0
E02000031,4,0.0,0.0
E02000032,7,0.0,0.0
E02000033,9,0.0,0.0
E02000034,7,0.0,0.0
E02000035,4,0.0,0.0
E02000036,4,0.0,0.0
E02000037,4,0.0,0.0
E02000038,9,0.0,0.0
E02000039,4,0.0,0.0
E02000040,4,0.0,0.0
E02000041,5,0.0,0.0
E02000042,5,0.0,0.0
E02000043,2,0.0,0.0
E02000044,4,0.0,0.0
E02000045,10,0.0,0.0
E02000046,4,1.0,11.0
E02000047,6,0.0,0.0
E02000048,6,1.0,11.0
E02000049,5,0.0,0.0
E02000050,10,1.0,11.0
E02000051,5,1.0,11.0
E02000052,7,1.0,11.0
E02000053,5,0.0,0.0
E02000054,5,0.0,0.0
E02000055,4,0.0,0.0
E02000056,9,3.0,29.0
E02000057,4,1.0,11.0
E02000058,6,2.0,12.0
E02000059,5,0.0,0.0
E02000060,6,2.0,12.0
E02000061,6,3.0,29.0
E02000062,6,1.0,1.0
E02000063,6,1.0,1.0
E02000064,6,2.0,18.0
E02000065,4,0.0,0.0
E02000066,6,1.0,1.0
E02000067,5,0.0,0.0
E02000068,4,1.0,1.0
E02000069,5,1.0,1.0
E02000070,8,1.0,1.0
E02000071,6,1.0,1.0
E02000072,4,1.0,1.0
E02000073,9,1.0,1.0
E02000074,5,1.0,1.0
E02000075,5,0.0,0.0
E02000077,7,1.0,1.0
E02000078,7,1.0,1.0
E02000079,6,0.0,0.0
E02000080,6,0.0,0.0
E02000081,6,1.0,1.0
E02000082,7,1.0,1.0
E02000083,6,1.0,1.0
E02000084,5,0.0,0.0
E02000085,4,0.0,0.0
E02000086,5,0.0,0.0
E02000087,4,0.0,0.0
E02000088,5,0.0,0.0
E02000089,6,0.0,0.0
E02000090,5,0.0,0.0
E02000091,6,0.0,0.0
E02000092,3,0.0,0.0
E02000093,5,0.0,0.0
E02000094,4,0.0,0.0
E02000095,4,1.0,3.0
E02000096,5,1.0,3.0
E02000097,4,1.0,3.0
E02000098,4,1.0,3.0
E02000099,6,2.0,9.0
E02000100,9,3.0,10.0
E02000101,4,1.0,3.0
E02000102,3,0.0,0.0
E02000103,5,1.0,1.0
E02000104,4,2.0,9.0
E02000105,7,3.0,10.0
E02000106,4,0.0,0.0
E02000107,5,1.0,1.0
E02000108,5,2.0,7.0
E02000109,5,2.0,9.0
E02000110,5,1.0,1.0
E02000111,5,2.0,9.0
E02000112,5,2.0,9.0
E02000113,5,0.0,0.0
E02000114,6,1.0,1.0
E02000115,7,2.0,5.0
E02000116,5,1.0,4.0
E02000117,3,0.0,0.0
E02000118,6,2.0,9.0
E02000119,5,0.0,0.0
E02000120,12,4.0,10.0
E02000121,5,1.0,6.0
E02000122,8,2.0,6.0
E02000123,3,1.0,4.0
E02000124,10,3.0,8.0
E02000125,6,3.0,8.0
E02000126,14,6.0,15.0
E02000127,10,1.0,1.0
E02000128,5,0.0,0.0
E02000130,6,2.0,7.0
E02000131,6,2.0,7.0
E02000132,5,1.0,2.0
E02000133,11,1.0,2.0
E02000134,5,0.0,0.0
E02000135,7,2.0,7.0
E02000136,6,1.0,2.0
E02000137,5,0.0,0.0
E02000138,6,1.0,2.0
E02000139,5,2.0,3.0
E02000140,2,0.0,0.0
E02000141,6,2.0,3.0
E02000142,5,0.0,0.0
E02000144,5,0.0,0.0
E02000145,3,0.0,0.0
E02000146,5,1.0,2.0
E02000147,5,1.0,1.0
E02000148,4,1.0,2.0
E02000149,3,1.0,2.0
E02000150,6,4.0,5.0
E02000151,4,1.0,2.0
E02000152,4,1.0,2.0
E02000153,5,1.0,1.0
E02000154,3,1.0,2.0
E02000155,2,0.0,0.0
E02000156,4,2.0,2.0
E02000157,3,1.0,2.0
E02000158,1,0.0,0.0
E02000159,3,1.0,2.0
E02000160,4,1.0,1.0
E02000161,1,0.0,0.0
E02000162,1,0.0,0.0
E02000163,1,0.0,0.0
E02000165,2,0.0,0.0
E02000166,16,7.0,38.0
E02000167,11,5.0,33.0
E02000168,14,5.0,28.0
E02000169,10,5.0,25.0
E02000170,9,2.0,18.0
E02000171,12,4.0,24.0
E02000172,16,5.0,28.0
E02000173,11,5.0,25.0
E02000174,17,6.0,35.0
E02000175,11,5.0,25.0
E02000176,9,4.0,24.0
E02000177,13,5.0,28.0
E02000178,11,4.0,10.0
E02000179,10,4.0,24.0
E02000180,17,6.0,20.0
E02000181,10,5.0,25.0
E02000182,15,6.0,27.0
E02000183,19,8.0,44.0
E02000184,19,8.0,46.0
E02000185,15,7.0,32.0
E02000186,25,11.0,43.0
E02000187,21,8.0,37.0
E02000188,22,11.0,43.0
E02000189,17,9.0,91.0
E02000190,18,10.0,103.0
E02000191,18,9.0,89.0
E02000192,20,11.0,105.0
E02000193,21,11.0,104.0
E02000194,7,3.0,9.0
E02000195,8,2.0,7.0
E02000196,6,2.0,3.0
E02000197,5,1.0,1.0
E02000198,6,1.0,1.0
E02000199,5,1.0,1.0
E02000200,5,2.0,3.0
E02000201,5,2.0,3.0
E02000202,5,1.0,1.0
E02000203,5,1.0,1.0
E02000204,4,1.0,1.0
E02000206,6,3.0,4.0
E02000207,4,2.0,2.0
E02000208,6,2.0,3.0
E02000209,4,1.0,1.0
E02000210,5,3.0,4.0
E02000211,5,3.0,3.0
E02000212,4,2.0,3.0
E02000213,4,2.0,3.0
E02000214,4,3.0,4.0
E02000215,5,3.0,4.0
E02000216,3,3.0,4.0
E02000217,4,2.0,3.0
E02000218,3,3.0,3.0
E02000219,5,4.0,4.0
E02000220,3,2.0,3.0
E02000221,6,4.0,6.0
E02000222,3,3.0,4.0
E02000223,2,1.0,1.0
E02000224,4,3.0,5.0
E02000225,1,0.0,0.0
E02000226,3,3.0,4.0
E02000227,5,4.0,4.0
E02000228,3,3.0,4.0
E02000229,1,0.0,0.0
E02000230,4,3.0,4.0
E02000231,5,3.0,4.0
E02000232,3,2.0,2.0
E02000233,4,4.0,5.0
E02000234,3,3.0,4.0
E02000235,5,5.0,6.0
E02000236,2,2.0,2.0
E02000237,2,2.0,2.0
E02000238,6,2.0,7.0
E02000239,8,2.0,7.0
E02000240,6,1.0,1.0
E02000241,7,1.0,1.0
E02000242,4,1.0,6.0
E02000243,9,2.0,7.0
E02000244,6,2.0,7.0
E02000245,6,0.0,0.0
E02000246,7,1.0,1.0
E02000247,6,1.0,1.0
E02000248,4,0.0,0.0
E02000249,8,1.0,1.0
E02000250,4,0.0,0.0
E02000251,5,0.0,0.0
E02000252,6,0.0,0.0
E02000253,6,0.0,0.0
E02000254,6,0.0,0.0
E02000255,7,0.0,0.0
E02000256,5,0.0,0.0
E02000257,6,0.0,0.0
E02000258,3,0.0,0.0
E02000259,5,0.0,0.0
E02000260,6,0.0,0.0
E02000261,5,1.0,1.0
E02000262,4,1.0,1.0
E02000263,5,0.0,0.0
E02000264,7,1.0,1.0
E02000265,5,0.0,0.0
E02000266,9,0.0,0.0
E02000267,3,0.0,0.0
E02000268,7,0.0,0.0
E02000269,6,0.0,0.0
E02000270,4,1.0,1.0
E02000271,4,1.0,1.0
E02000272,6,0.0,0.0
E02000274,7,1.0,1.0
E02000275,5,0.0,0.0
E02000276,5,0.0,0.0
E02000277,4,0.0,0.0
E02000278,4,0.0,0.0
E02000279,4,0.0,0.0
E02000280,4,0.0,0.0
E02000281,6,0.0,0.0
E02000282,6,0.0,0.0
E02000283,5,0.0,0.0
E02000284,4,0.0,0.0
E02000285,6,0.0,0.0
E02000286,4,0.0,0.0
E02000287,5,0.0,0.0
E02000288,7,0.0,0.0
E02000289,6,0.0,0.0
E02000290,8,2.0,14.0
E02000291,6,0.0,0.0
E02000292,7,0.0,0.0
E02000293,6,0.0,0.0
E02000294,7,2.0,14.0
E02000295,8,0.0,0.0
E02000296,7,0.0,0.0
E02000297,7,0.0,0.0
E02000298,10,0.0,0.0
E02000299,7,0.0,0.0
E02000300,9,0.0,0.0
E02000301,10,3.0,43.0
E02000302,10,0.0,0.0
E02000303,8,0.0,0.0
E02000304,9,0.0,0.0
E02000305,7,0.0,0.0
E02000306,7,1.0,29.0
E02000307,9,0.0,0.0
E02000308,8,0.0,0.0
E02000309,7,1.0,29.0
E02000311,10,1.0,2.0
E02000312,10,1.0,2.0
E02000313,4,1.0,1.0
E02000314,9,2.0,3.0
E02000315,8,1.0,1.0
E02000316,8,2.0,3.0
E02000317,5,1.0,2.0
E02000318,8,2.0,3.0
E02000319,6,2.0,3.0
E02000320,9,1.0,1.0
E02000321,5,2.0,3.0
E02000323,6,2.0,3.0
E02000324,5,1.0,2.0
E02000326,4,0.0,0.0
E02000327,6,1.0,2.0
E02000328,7,1.0,2.0
E02000329,6,2.0,3.0
E02000331,5,1.0,2.0
E02000332,6,2.0,3.0
E02000333,7,1.0,8.0
E02000334,6,1.0,8.0
E02000335,6,0.0,0.0
E02000337,6,1.0,8.0
E02000339,3,0.0,0.0
E02000340,7,0.0,0.0
E02000341,10,2.0,9.0
E02000342,7,0.0,0.0
E02000343,6,0.0,0.0
E02000344,5,0.0,0.0
E02000345,8,5.0,12.0
E02000346,9,6.0,13.0
E02000347,8,5.0,12.0
E02000348,7,5.0,12.0
E02000350,8,6.0,18.0
E02000351,11,5.0,11.0
E02000352,11,6.0,18.0
E02000353,10,6.0,18.0
E02000354,8,7.0,20.0
E02000355,6,6.0,17.0
E02000356,9,6.0,17.0
E02000357,8,3.0,9.0
E02000358,11,8.0,22.0
E02000359,4,4.0,14.0
E02000360,7,6.0,17.0
E02000361,7,5.0,16.0
E02000362,8,4.0,24.0
E02000363,6,5.0,29.0
E02000364,9,7.0,20.0
E02000365,10,7.0,20.0
E02000366,7,4.0,25.0
E02000367,10,6.0,47.0
E02000368,13,8.0,51.0
E02000369,16,8.0,51.0
E02000370,17,8.0,85.0
E02000371,17,9.0,104.0
E02000372,11,5.0,11.0
E02000373,7,4.0,9.0
E02000374,5,2.0,3.0
E02000375,9,6.0,13.0
E02000376,5,2.0,3.0
E02000377,5,2.0,2.0
E02000378,7,4.0,7.0
E02000379,6,2.0,2.0
E02000380,6,2.0,2.0
E02000381,9,5.0,9.0
E02000382,6,2.0,2.0
E02000383,10,6.0,12.0
E02000384,7,3.0,4.0
E02000385,7,4.0,7.0
E02000386,8,5.0,10.0
E02000387,7,4.0,7.0
E02000388,10,7.0,17.0
E02000389,8,2.0,3.0
E02000390,7,3.0,5.0
E02000391,10,5.0,15.0
E02000392,7,2.0,4.0
E02000393,6,2.0,3.0
E02000394,9,3.0,10.0
E02000395,7,1.0,2.0
E02000396,7,2.0,4.0
E02000397,7,1.0,2.0
E02000398,7,1.0,2.0
E02000400,8,1.0,2.0
E02000401,7,2.0,4.0
E02000402,8,2.0,4.0
E02000403,8,1.0,2.0
E02000404,8,2.0,4.0
E02000405,12,2.0,4.0
E02000406,7,2.0,4.0
E02000407,6,1.0,2.0
E02000408,6,1.0,2.0
E02000409,8,3.0,7.0
E02000410,9,1.0,2.0
E02000411,7,2.0,3.0
E02000412,9,2.0,4.0
E02000413,9,1.0,11.0
E02000414,5,2.0,4.0
E02000415,7,4.0,9.0
E02000416,7,2.0,4.0
E02000417,10,2.0,4.0
E02000418,8,2.0,4.0
E02000419,8,4.0,9.0
E02000420,7,4.0,8.0
E02000421,5,3.0,6.0
E02000422,7,5.0,10.0
E02000423,8,5.0,10.0
E02000424,11,4.0,10.0
E02000425,6,5.0,12.0
E02000426,10,3.0,30.0
E02000427,13,7.0,15.0
E02000428,9,6.0,14.0
E02000429,9,3.0,7.0
E02000430,11,4.0,10.0
E02000431,6,2.0,5.0
E02000432,11,5.0,12.0
E02000433,2,0.0,0.0
E02000434,4,0.0,0.0
E02000435,3,0.0,0.0
E02000436,4,0.0,0.0
E02000437,4,0.0,0.0
E02000438,4,0.0,0.0
E02000439,6,0.0,0.0
E02000440,3,0.0,0.0
E02000441,4,0.0,0.0
E02000442,6,0.0,0.0
E02000443,4,0.0,0.0
E02000444,5,0.0,0.0
E02000445,5,0.0,0.0
E02000447,4,0.0,0.0
E02000448,4,0.0,0.0
E02000449,4,1.0,3.0
E02000451,5,0.0,0.0
E02000452,4,0.0,0.0
E02000453,4,0.0,0.0
E02000454,6,0.0,0.0
E02000455,5,0.0,0.0
E02000456,5,0.0,0.0
E02000457,5,0.0,0.0
E02000459,5,1.0,1.0
E02000460,7,1.0,1.0
E02000461,9,3.0,10.0
E02000462,4,1.0,1.0
E02000463,5,1.0,1.0
E02000464,2,0.0,0.0
E02000465,2,0.0,0.0
E02000466,2,1.0,1.0
E02000467,3,0.0,0.0
E02000468,2,1.0,1.0
E02000469,4,0.0,0.0
E02000470,3,0.0,0.0
E02000471,4,1.0,1.0
E02000472,4,1.0,1.0
E02000473,5,0.0,0.0
E02000474,5,2.0,5.0
E02000475,6,1.0,1.0
E02000476,4,1.0,1.0
E02000477,4,0.0,0.0
E02000478,4,0.0,0.0
E02000479,4,0.0,0.0
E02000480,6,1.0,4.0
E02000481,2,0.0,0.0
E02000482,3,0.0,0.0
E02000483,4,0.0,0.0
E02000484,4,0.0,0.0
E02000485,3,0.0,0.0
E02000486,3,0.0,0.0
E02000487,3,0.0,0.0
E02000488,4,1.0,1.0
E02000489,5,1.0,1.0
E02000490,3,1.0,1.0
E02000491,3,1.0,1.0
E02000492,5,2.0,2.0
E02000493,2,1.0,1.0
E02000494,4,0.0,0.0
E02000495,5,0.0,0.0
E02000496,4,0.0,0.0
E02000497,6,0.0,0.0
E02000498,6,0.0,0.0
E02000499,6,0.0,0.0
E02000500,6,0.0,0.0
E02000501,5,0.0,0.0
E02000502,7,1.0,1.0
E02000503,6,0.0,0.0
E02000504,3,1.0,1.0
E02000506,5,3.0,4.0
E02000507,6,3.0,4.0
E02000508,4,4.0,6.0
E02000509,3,3.0,5.0
E02000510,6,4.0,6.0
E02000511,5,2.0,2.0
E02000512,4,3.0,4.0
E02000513,6,1.0,1.0
E02000514,5,1.0,1.0
E02000515,4,3.0,5.0
E02000516,7,0.0,0.0
E02000517,8,4.0,5.0
E02000518,6,4.0,5.0
E02000519,9,2.0,2.0
E02000520,9,3.0,4.0
E02000521,4,2.0,3.0
E02000522,2,1.0,2.0
E02000523,3,1.0,1.0
E02000524,6,2.0,3.0
E02000525,5,1.0,1.0
E02000526,6,2.0,2.0
E02000528,8,2.0,2.0
E02000529,7,1.0,1.0
E02000530,7,1.0,1.0
E02000531,9,2.0,3.0
E02000532,7,2.0,2.0
E02000533,5,1.0,1.0
E02000534,10,2.0,2.0
E02000535,6,1.0,1.0
E02000536,7,1.0,1.0
E02000537,7,2.0,2.0
E02000538,5,2.0,2.0
E02000539,8,3.0,4.0
E02000540,5,2.0,2.0
E02000541,4,1.0,1.0
E02000542,6,1.0,1.0
E02000543,7,2.0,2.0
E02000544,6,2.0,2.0
E02000545,8,3.0,4.0
E02000546,7,3.0,3.0
E02000547,5,2.0,2.0
E02000548,2,1.0,1.0
E02000549,6,2.0,2.0
E02000550,3,2.0,2.0
E02000551,6,2.0,2.0
E02000552,3,2.0,2.0
E02000553,5,2.0,2.0
E02000554,12,3.0,8.0
E02000555,11,2.0,5.0
E02000556,13,4.0,10.0
E02000557,12,4.0,23.0
E02000558,13,4.0,10.0
E02000559,15,7.0,18.0
E02000560,16,5.0,14.0
E02000561,15,5.0,27.0
E02000562,13,6.0,16.0
E02000563,15,3.0,8.0
E02000564,17,5.0,14.0
E02000565,11,7.0,21.0
E02000566,16,6.0,19.0
E02000567,13,5.0,14.0
E02000568,19,5.0,20.0
E02000569,17,7.0,25.0
E02000570,17,6.0,22.0
E02000571,13,6.0,34.0
E02000572,18,7.0,87.0
E02000573,22,10.0,96.0
E02000574,20,9.0,91.0
E02000575,21,11.0,96.0
E02000576,20,12.0,119.0
E02000577,13,4.0,10.0
E02000578,9,4.0,10.0
E02000579,11,5.0,11.0
E02000580,12,5.0,12.0
E02000581,12,6.0,13.0
E02000582,12,6.0,15.0
E02000583,12,6.0,13.0
E02000584,15,9.0,17.0
E02000585,12,7.0,14.0
E02000586,10,7.0,18.0
E02000587,12,8.0,15.0
E02000588,9,8.0,27.0
E02000589,9,8.0,19.0
E02000590,9,7.0,20.0
E02000591,10,8.0,19.0
E02000592,9,8.0,22.0
E02000593,9,7.0,17.0
E02000594,9,6.0,18.0
E02000595,11,7.0,20.0
E02000596,9,6.0,16.0
E02000597,9,5.0,14.0
E02000598,6,2.0,7.0
E02000599,6,2.0,7.0
E02000600,4,2.0,7.0
E02000601,5,2.0,7.0
E02000602,5,2.0,7.0
E02000603,5,2.0,7.0
E02000604,4,1.0,1.0
E02000605,6,3.0,8.0
E02000606,4,2.0,7.0
E02000607,5,2.0,7.0
E02000608,4,2.0,7.0
E02000609,6,2.0,2.0
E02000610,4,3.0,8.0
E02000611,5,3.0,8.0
E02000612,6,2.0,2.0
E02000613,3,2.0,2.0
E02000614,6,3.0,3.0
E02000615,3,2.0,2.0
E02000616,2,2.0,2.0
E02000617,1,1.0,1.0
E02000619,14,9.0,40.0
E02000620,14,9.0,40.0
E02000621,13,7.0,36.0
E02000622,12,7.0,38.0
E02000623,11,6.0,35.0
E02000624,10,5.0,31.0
E02000625,9,3.0,18.0
E02000626,9,4.0,34.0
E02000627,10,4.0,29.0
E02000628,9,4.0,34.0
E02000629,8,2.0,11.0
E02000630,8,1.0,9.0
E02000631,9,5.0,43.0
E02000632,8,1.0,9.0
E02000633,7,3.0,27.0
E02000634,8,1.0,9.0
E02000635,10,5.0,36.0
E02000636,7,1.0,9.0
E02000637,6,2.0,11.0
E02000638,6,2.0,11.0
E02000639,6,2.0,11.0
E02000640,6,1.0,9.0
E02000641,5,2.0,11.0
E02000642,7,4.0,23.0
E02000643,3,1.0,2.0
E02000644,3,2.0,7.0
E02000645,5,2.0,7.0
E02000646,3,1.0,2.0
E02000647,4,2.0,7.0
E02000648,4,2.0,7.0
E02000649,5,1.0,2.0
E02000650,3,2.0,7.0
E02000651,4,1.0,2.0
E02000652,5,0.0,0.0
E02000653,10,5.0,27.0
E02000654,8,3.0,19.0
E02000655,10,5.0,34.0
E02000657,9,3.0,13.0
E02000658,9,5.0,28.0
E02000659,11,4.0,13.0
E02000660,8,2.0,4.0
E02000661,10,3.0,11.0
E02000662,8,3.0,13.0
E02000663,10,3.0,12.0
E02000664,11,4.0,13.0
E02000665,8,3.0,11.0
E02000666,11,4.0,13.0
E02000667,8,2.0,3.0
E02000668,7,2.0,9.0
E02000669,8,3.0,11.0
E02000670,6,3.0,11.0
E02000671,7,1.0,2.0
E02000672,8,3.0,11.0
E02000673,8,3.0,14.0
E02000674,7,2.0,9.0
E02000675,9,2.0,9.0
E02000676,5,1.0,2.0
E02000677,9,3.0,11.0
E02000678,9,2.0,9.0
E02000679,7,3.0,9.0
E02000680,5,1.0,5.0
E02000681,7,3.0,5.0
E02000682,7,1.0,1.0
E02000683,7,1.0,1.0
E02000685,7,3.0,9.0
E02000686,9,2.0,3.0
E02000687,6,2.0,7.0
E02000689,6,1.0,3.0
E02000690,5,0.0,0.0
E02000691,6,1.0,3.0
E02000692,4,0.0,0.0
E02000693,6,1.0,3.0
E02000694,6,1.0,3.0
E02000695,5,1.0,3.0
E02000696,4,1.0,3.0
E02000697,5,1.0,3.0
E02000698,4,0.0,0.0
E02000699,4,0.0,0.0
E02000700,5,1.0,3.0
E02000701,5,1.0,3.0
E02000702,8,2.0,4.0
E02000703,6,1.0,3.0
E02000704,5,0.0,0.0
E02000705,3,0.0,0.0
E02000706,5,1.0,3.0
E02000707,5,1.0,1.0
E02000708,6,1.0,1.0
E02000709,7,1.0,1.0
E02000710,8,2.0,4.0
E02000711,7,1.0,3.0
E02000712,5,0.0,0.0
E02000713,7,1.0,1.0
E02000714,10,4.0,12.0
E02000715,8,7.0,14.0
E02000716,10,7.0,17.0
E02000717,8,6.0,13.0
E02000718,8,6.0,10.0
E02000719,10,3.0,9.0
E02000720,10,4.0,9.0
E02000721,9,3.0,8.0
E02000722,8,1.0,1.0
E02000723,10,7.0,14.0
E02000724,8,5.0,11.0
E02000725,8,1.0,15.0
E02000726,12,5.0,24.0
E02000727,7,3.0,5.0
E02000728,7,6.0,10.0
E02000729,8,2.0,2.0
E02000730,7,3.0,5.0
E02000731,10,5.0,8.0
E02000732,7,3.0,5.0
E02000733,6,1.0,1.0
E02000734,6,1.0,1.0
E02000735,8,3.0,3.0
E02000736,8,5.0,8.0
E02000737,9,5.0,8.0
E02000738,6,1.0,1.0
E02000739,7,2.0,2.0
E02000740,8,3.0,18.0
E02000741,7,2.0,2.0
E02000742,7,3.0,3.0
E02000743,6,3.0,5.0
E02000744,6,2.0,2.0
E02000745,7,2.0,2.0
E02000746,8,3.0,4.0
E02000747,7,4.0,20.0
E02000748,5,1.0,1.0
E02000749,5,1.0,1.0
E02000750,9,4.0,7.0
E02000751,7,5.0,51.0
E02000752,4,3.0,9.0
E02000753,2,2.0,8.0
E02000754,3,2.0,8.0
E02000755,3,2.0,8.0
E02000756,5,4.0,13.0
E02000757,6,4.0,16.0
E02000758,5,4.0,16.0
E02000759,4,3.0,12.0
E02000760,3,2.0,8.0
E02000762,3,2.0,8.0
E02000763,8,6.0,19.0
E02000764,10,6.0,24.0
E02000765,4,3.0,10.0
E02000767,5,4.0,12.0
E02000768,8,5.0,23.0
E02000769,6,3.0,10.0
E02000770,7,6.0,20.0
E02000772,7,4.0,14.0
E02000773,6,5.0,14.0
E02000774,5,5.0,16.0
E02000776,6,6.0,14.0
E02000777,13,8.0,24.0
E02000779,7,7.0,18.0
E02000780,8,8.0,19.0
E02000781,7,6.0,15.0
E02000782,8,8.0,16.0
E02000783,8,8.0,16.0
E02000784,8,3.0,4.0
E02000785,9,3.0,4.0
E02000786,5,0.0,0.0
E02000787,6,2.0,3.0
E02000788,5,1.0,2.0
E02000789,6,2.0,3.0
E02000790,5,2.0,3.0
E02000791,6,2.0,3.0
E02000792,5,2.0,3.0
E02000793,6,3.0,3.0
E02000794,8,3.0,4.0
E02000795,11,3.0,9.0
E02000796,7,3.0,3.0
E02000797,8,2.0,3.0
E02000798,6,1.0,1.0
E02000799,6,0.0,0.0
E02000800,7,2.0,3.0
E02000801,8,1.0,1.0
E02000802,5,1.0,1.0
E02000803,4,1.0,1.0
E02000804,8,2.0,7.0
E02000805,7,2.0,7.0
E02000806,7,2.0,7.0
E02000807,10,5.0,41.0
E02000808,19,12.0,102.0
E02000809,14,10.0,121.0
E02000810,8,7.0,52.0
E02000812,13,10.0,101.0
E02000813,11,6.0,48.0
E02000814,10,5.0,23.0
E02000815,11,9.0,95.0
E02000816,7,6.0,48.0
E02000817,8,4.0,32.0
E02000818,11,7.0,40.0
E02000819,10,8.0,56.0
E02000820,11,7.0,34.0
E02000821,10,7.0,47.0
E02000822,11,8.0,49.0
E02000823,12,8.0,49.0
E02000824,11,7.0,57.0
E02000825,10,6.0,48.0
E02000826,10,6.0,48.0
E02000827,13,8.0,52.0
E02000828,9,5.0,41.0
E02000829,9,6.0,43.0
E02000830,10,6.0,49.0
E02000831,10,5.0,40.0
E02000832,9,4.0,29.0
E02000833,9,5.0,43.0
E02000834,8,4.0,29.0
E02000835,9,3.0,18.0
E02000836,6,3.0,27.0
E02000837,9,5.0,34.0
E02000838,7,3.0,14.0
E02000839,5,2.0,7.0
E02000840,6,0.0,0.0
E02000841,5,0.0,0.0
E02000842,6,0.0,0.0
E02000843,4,0.0,0.0
E02000844,5,0.0,0.0
E02000845,6,1.0,1.0
E02000846,5,0.0,0.0
E02000847,5,1.0,1.0
E02000848,4,0.0,0.0
E02000849,4,0.0,0.0
E02000850,8,2.0,3.0
E02000851,5,0.0,0.0
E02000852,6,0.0,0.0
E02000853,3,0.0,0.0
E02000854,6,0.0,0.0
E02000855,4,0.0,0.0
E02000856,4,1.0,2.0
E02000857,3,0.0,0.0
E02000858,5,2.0,4.0
E02000859,4,0.0,0.0
E02000860,3,0.0,0.0
E02000861,4,0.0,0.0
E02000863,5,2.0,3.0
E02000864,7,3.0,20.0
E02000865,12,7.0,50.0
E02000866,10,6.0,47.0
E02000867,7,3.0,19.0
E02000868,12,6.0,48.0
E02000869,15,8.0,51.0
E02000870,11,6.0,45.0
E02000871,6,4.0,20.0
E02000872,13,7.0,49.0
E02000873,8,4.0,40.0
E02000874,10,5.0,43.0
E02000875,6,4.0,20.0
E02000876,12,7.0,59.0
E02000877,8,4.0,39.0
E02000878,13,7.0,99.0
E02000879,9,4.0,47.0
E02000880,9,4.0,34.0
E02000881,6,4.0,20.0
E02000882,9,5.0,48.0
E02000883,6,4.0,20.0
E02000884,12,7.0,55.0
E02000885,8,3.0,32.0
E02000886,10,5.0,48.0
E02000887,8,4.0,20.0
E02000888,11,6.0,44.0
E02000889,13,8.0,67.0
E02000890,14,9.0,120.0
E02000891,9,4.0,7.0
E02000893,7,3.0,6.0
E02000894,10,4.0,15.0
E02000895,4,3.0,43.0
E02000896,4,3.0,43.0
E02000897,6,5.0,51.0
E02000898,6,4.0,47.0
E02000899,5,3.0,43.0
E02000900,8,2.0,33.0
E02000901,9,6.0,55.0
E02000902,6,3.0,40.0
E02000903,8,2.0,33.0
E02000904,7,4.0,41.0
E02000905,6,2.0,33.0
E02000906,4,1.0,4.0
E02000907,6,2.0,11.0
E02000908,10,3.0,7.0
E02000909,9,5.0,20.0
E02000910,4,1.0,4.0
E02000911,4,1.0,4.0
E02000912,9,4.0,11.0
E02000913,8,3.0,12.0
E02000914,8,2.0,8.0
E02000915,10,5.0,23.0
E02000916,6,3.0,7.0
E02000917,6,1.0,4.0
E02000918,9,3.0,12.0
E02000919,7,2.0,8.0
E02000920,9,3.0,10.0
E02000921,9,3.0,12.0
E02000922,9,4.0,13.0
E02000923,13,7.0,20.0
E02000924,14,6.0,22.0
E02000925,8,2.0,8.0
E02000926,10,3.0,10.0
E02000927,7,1.0,6.0
E02000928,5,1.0,2.0
E02000929,8,2.0,8.0
E02000930,9,1.0,6.0
E02000931,7,0.0,0.0
E02000932,11,1.0,2.0
E02000933,7,0.0,0.0
E02000934,10,1.0,2.0
E02000935,3,0.0,0.0
E02000936,6,1.0,2.0
E02000937,9,0.0,0.0
E02000938,6,0.0,0.0
E02000939,8,0.0,0.0
E02000940,7,0.0,0.0
E02000941,9,0.0,0.0
E02000942,8,1.0,2.0
E02000943,7,0.0,0.0
E02000944,6,0.0,0.0
E02000945,4,0.0,0.0
E02000946,9,0.0,0.0
E02000947,6,0.0,0.0
E02000948,7,1.0,3.0
E02000949,9,1.0,3.0
E02000950,6,0.0,0.0
E02000951,5,0.0,0.0
E02000952,4,0.0,0.0
E02000953,7,1.0,3.0
E02000954,6,1.0,3.0
E02000955,5,1.0,3.0
E02000956,5,1.0,3.0
E02000957,6,1.0,3.0
E02000958,5,1.0,3.0
E02000959,5,1.0,3.0
E02000960,21,9.0,51.0
E02000961,16,8.0,34.0
E02000962,16,8.0,29.0
E02000963,11,4.0,10.0
E02000964,13,6.0,15.0
E02000965,13,6.0,15.0
E02000966,14,7.0,22.0
E02000967,20,10.0,41.0
E02000968,15,8.0,28.0
E02000969,12,6.0,15.0
E02000970,17,12.0,46.0
E02000971,12,5.0,22.0
E02000972,18,11.0,96.0
E02000973,15,8.0,20.0
E02000974,16,10.0,31.0
E02000975,17,11.0,35.0
E02000976,13,9.0,21.0
E02000977,26,18.0,125.0
E02000978,23,15.0,46.0
E02000979,20,13.0,95.0
E02000980,11,6.0,18.0
E02000981,12,6.0,17.0
E02000982,11,7.0,20.0
E02000983,9,5.0,15.0
E02006782,7,0.0,0.0
E02006783,7,1.0,1.0
E02006784,9,1.0,1.0
E02006785,7,1.0,1.0
E02006786,8,2.0,3.0
E02006787,5,2.0,3.0
E02006788,5,3.0,4.0
E02006789,2,0.0,0.0
E02006791,3,1.0,1.0
E02006792,8,1.0,1.0
E02006793,8,0.0,0.0
E02006794,6,1.0,2.0
E02006795,7,0.0,0.0
E02006796,8,1.0,1.0
E02006798,12,4.0,28.0
E02006799,5,3.0,10.0
E02006800,7,4.0,12.0
E02006801,18,12.0,99.0
E02006802,17,11.0,105.0
E02006836,2,0.0,0.0
E02006853,7,4.0,15.0
E02006854,7,3.0,13.0
E02006882,6,1.0,3.0
E02006918,7,6.0,17.0
E02006921,6,5.0,15.0
E02006924,9,8.0,22.0
E02006925,7,6.0,24.0
E02006927,10,2.0,9.0
E02006928,8,1.0,2.0
E02006929,10,4.0,7.0
E02006930,9,2.0,4.0
E02006931,12,3.0,12.0
