MSOA11CD,MSOA11NM,geometry
E02000001,City of London 001,POINT (532482.7039767915 181269.3100176065)
E02000002,Barking and Dagenham 001,POINT (548312.914587414 189881.3785874949)
E02000003,Barking and Dagenham 002,POINT (548454.9249279731 188400.1498846446)
E02000004,Barking and Dagenham 003,POINT (551008.9717450518 186310.93443301003)
E02000005,Barking and Dagenham 004,POINT (548667.0893255679 186903.34361035156)
E02000007,Barking and Dagenham 006,POINT (549648.7339513552 186561.02964671448)
E02000008,Barking and Dagenham 007,POINT (548139.5796989929 185911.0939295587)
E02000009,Barking and Dagenham 008,POINT (546964.9446609217 185757.09086430277)
E02000010,Barking and Dagenham 009,POINT (549064.2122594982 185295.4668073541)
E02000011,Barking and Dagenham 010,POINT (550508.5304778129 185162.3379461869)
E02000012,Barking and Dagenham 011,POINT (545635.9769522208 184893.29135869467)
E02000013,Barking and Dagenham 012,POINT (547277.3030962932 184854.7214206027)
E02000014,Barking and Dagenham 013,POINT (548785.4295273739 184554.68900566627)
E02000015,Barking and Dagenham 014,POINT (550075.9642787075 184230.84703999409)
E02000016,Barking and Dagenham 015,POINT (544028.7378584674 184316.8643802538)
E02000017,Barking and Dagenham 016,POINT (544838.196717607 184459.67281042162)
E02000018,Barking and Dagenham 017,POINT (546552.9531748081 184299.07548343763)
E02000019,Barking and Dagenham 018,POINT (548167.5602565143 183256.82024311018)
E02000020,Barking and Dagenham 019,POINT (546104.0680001433 182741.58731433115)
E02000021,Barking and Dagenham 020,POINT (549508.4285044023 182827.51909431836)
E02000022,Barking and Dagenham 021,POINT (544383.738539026 183516.51510999817)
E02000023,Barking and Dagenham 022,POINT (546653.193105904 183109.22469891532)
E02000024,Barnet 001,POINT (524414.922108491 197000.69606669588)
E02000025,Barnet 002,POINT (525971.1502840038 196718.55847161735)
E02000026,Barnet 003,POINT (527682.6246520313 195951.60092956127)
E02000027,Barnet 004,POINT (524409.5164624193 195592.81894348343)
E02000028,Barnet 005,POINT (526170.7873749193 195509.9963397663)
E02000029,Barnet 006,POINT (527246.0622360305 195340.00350187183)
E02000030,Barnet 007,POINT (522735.9856090888 194776.0546162773)
E02000031,Barnet 008,POINT (526484.4299765108 194241.25281164824)
E02000032,Barnet 009,POINT (528839.2240176063 194154.45394287893)
E02000033,Barnet 010,POINT (528235.7205003232 193569.29988922688)
E02000034,Barnet 011,POINT (527071.7428837819 193128.87048618216)
E02000035,Barnet 012,POINT (525825.9783887742 193028.15717363326)
E02000036,Barnet 013,POINT (520325.7124551457 193009.7329715069)
E02000037,Barnet 014,POINT (518863.64304028376 193601.77583834558)
E02000038,Barnet 015,POINT (527828.3186454701 192351.1445307021)
E02000039,Barnet 016,POINT (521813.18651689566 192189.92322733492)
E02000040,Barnet 017,POINT (523480.9912277697 192439.82731172498)
E02000041,Barnet 018,POINT (519703.3677508449 191930.19402868376)
E02000042,Barnet 019,POINT (526260.0627356267 191902.63022390052)
E02000043,Barnet 020,POINT (525158.6774025435 192116.70312594474)
E02000044,Barnet 021,POINT (521003.18483509496 191594.31666962526)
E02000045,Barnet 022,POINT (527904.2826185392 191323.83426879544)
E02000046,Barnet 023,POINT (525550.3796171942 190761.628889669)
E02000047,Barnet 024,POINT (520442.4754368356 190746.13595069785)
E02000048,Barnet 025,POINT (523468.78168076527 190795.23002206822)
E02000049,Barnet 026,POINT (521558.01537242497 190714.06113539965)
E02000050,Barnet 027,POINT (526728.0601498571 190620.15290385814)
E02000051,Barnet 028,POINT (524820.4011350201 189902.52961864125)
E02000052,Barnet 029,POINT (526944.0498621172 189657.62275711057)
E02000053,Barnet 030,POINT (521558.11981809145 189734.19416545724)
E02000054,Barnet 031,POINT (522609.4440352118 189700.41962309394)
E02000055,Barnet 032,POINT (523148.27414304763 189160.31079517683)
E02000056,Barnet 033,POINT (526353.0179357047 188507.69335500398)
E02000057,Barnet 034,POINT (523576.4624490257 188625.03221367075)
E02000058,Barnet 035,POINT (525158.868680202 188671.71899187937)
E02000059,Barnet 036,POINT (521790.98844089604 188097.11476607734)
E02000060,Barnet 037,POINT (524289.3938192748 188205.27160008147)
E02000061,Barnet 038,POINT (525174.4128905523 187210.6122695645)
E02000062,Barnet 039,POINT (523330.5985032681 187125.6028621153)
E02000063,Barnet 040,POINT (524084.6313343141 186769.300211112)
E02000064,Barnet 041,POINT (524712.3522703951 186135.61854765794)
E02000065,Bexley 001,POINT (548359.6305911774 180392.310808061)
E02000066,Bexley 002,POINT (548003.7983029329 179327.71448443134)
E02000067,Bexley 003,POINT (549467.2121993124 179400.25787829905)
E02000068,Bexley 004,POINT (550744.956461539 178869.20538162338)
E02000069,Bexley 005,POINT (550077.8418240588 178179.78238975292)
E02000070,Bexley 006,POINT (548275.7277450752 178001.26329428641)
E02000071,Bexley 007,POINT (549836.8791500486 177250.61520377133)
E02000072,Bexley 008,POINT (552735.3960695097 176997.23213031518)
E02000073,Bexley 009,POINT (547830.2483098954 176924.9349239388)
E02000074,Bexley 010,POINT (551324.858490599 176679.4314042568)
E02000075,Bexley 011,POINT (549001.0197858528 176628.15720749265)
E02000077,Bexley 013,POINT (546965.0886793324 176423.86937289746)
E02000078,Bexley 014,POINT (550652.2129442657 176282.71438748276)
E02000079,Bexley 015,POINT (548768.9292338293 175474.63323214592)
E02000080,Bexley 016,POINT (546347.0222008191 175493.49706170816)
E02000081,Bexley 017,POINT (550145.7052607015 175235.88185638963)
E02000082,Bexley 018,POINT (545269.2123488891 175362.71670174523)
E02000083,Bexley 019,POINT (551689.9256964638 174881.30156013588)
E02000084,Bexley 020,POINT (547931.3439814927 174782.98709955398)
E02000085,Bexley 021,POINT (546748.2156110466 174274.59791706625)
E02000086,Bexley 022,POINT (545877.8567453385 173784.07877332674)
E02000087,Bexley 023,POINT (549668.8989063489 173548.1793210914)
E02000088,Bexley 024,POINT (547642.8787077988 173205.9426429817)
E02000089,Bexley 025,POINT (545083.5317209556 172914.68673409757)
E02000090,Bexley 026,POINT (545880.4985322095 172226.27193791178)
E02000091,Bexley 027,POINT (546867.261443611 171710.9369231595)
E02000092,Bexley 028,POINT (548646.732964554 171466.81654443)
E02000093,Brent 001,POINT (519612.0860495491 189691.1909633721)
E02000094,Brent 002,POINT (520666.0762828425 189156.51488664967)
E02000095,Brent 003,POINT (519253.37606445537 188678.36411633086)
E02000096,Brent 004,POINT (517633.43519306934 188209.92815391716)
E02000097,Brent 005,POINT (520391.1037219625 187860.62848778546)
E02000098,Brent 006,POINT (518979.78067319246 187545.85720498842)
E02000099,Brent 007,POINT (517819.01999114006 186969.37527822066)
E02000100,Brent 008,POINT (516664.3026541673 187131.27990045975)
E02000101,Brent 009,POINT (520021.81716147263 186701.0848224698)
E02000102,Brent 010,POINT (521307.9939358853 186729.28586307802)
E02000103,Brent 011,POINT (522480.57047873246 186449.00505247017)
E02000104,Brent 012,POINT (518491.0033723263 186231.9959314556)
E02000105,Brent 013,POINT (517044.2860243706 185874.19825976985)
E02000106,Brent 014,POINT (521367.20046694565 185741.60056646942)
E02000107,Brent 015,POINT (523476.8422821538 185579.70776797828)
E02000108,Brent 016,POINT (516206.5643059563 185582.7865711621)
E02000109,Brent 017,POINT (519535.67880562437 185521.9850541292)
E02000110,Brent 018,POINT (522687.7167112522 185288.84236803147)
E02000111,Brent 019,POINT (517632.94886634924 184997.32397240849)
E02000112,Brent 020,POINT (518994.6814661867 184864.25603855253)
E02000113,Brent 021,POINT (520618.90727192 184950.02580865982)
E02000114,Brent 022,POINT (522920.4242695807 184585.86313422208)
E02000115,Brent 023,POINT (524052.73914354824 184647.6988003423)
E02000116,Brent 024,POINT (522308.415231394 184323.29274587537)
E02000117,Brent 025,POINT (521454.76624375925 184324.77759545753)
E02000118,Brent 026,POINT (518748.5366501805 184135.06869496588)
E02000119,Brent 027,POINT (520089.81301553815 183435.2818289448)
E02000120,Brent 028,POINT (524908.404152823 183896.79371986608)
E02000121,Brent 029,POINT (517974.71858743834 183750.70927302234)
E02000122,Brent 030,POINT (523507.50592976686 183925.8316129288)
E02000123,Brent 031,POINT (521766.81940807827 183391.83859978715)
E02000124,Brent 032,POINT (524171.37567775795 183322.34359221006)
E02000125,Brent 033,POINT (522933.8048063244 183203.07852988696)
E02000126,Brent 034,POINT (525171.4313865716 183118.70338859846)
E02000127,Bromley 001,POINT (541919.0078669235 172435.28107840504)
E02000128,Bromley 002,POINT (544232.3408345542 171416.1630398606)
E02000130,Bromley 004,POINT (535926.8869280309 170683.39290665358)
E02000131,Bromley 005,POINT (534344.3720709665 170694.22896549437)
E02000132,Bromley 006,POINT (537164.5901905638 170313.62898772582)
E02000133,Bromley 007,POINT (543264.1141207634 169902.21669682453)
E02000134,Bromley 008,POINT (540465.9322197568 170058.88711735734)
E02000135,Bromley 009,POINT (534848.4020314434 169849.71815176666)
E02000136,Bromley 010,POINT (545446.909234424 169711.4277352593)
E02000137,Bromley 011,POINT (539003.7547694725 169491.45162772597)
E02000138,Bromley 012,POINT (537937.3315544504 169329.89578634896)
E02000139,Bromley 013,POINT (536196.6712988502 169577.07597283114)
E02000140,Bromley 014,POINT (546774.6597652045 169414.48123187476)
E02000141,Bromley 015,POINT (535176.3339598955 169137.65113687218)
E02000142,Bromley 016,POINT (541532.8755003674 169279.18309768575)
E02000144,Bromley 018,POINT (540227.0829821873 168607.9466365141)
E02000145,Bromley 019,POINT (548661.2810678306 168148.73991764346)
E02000146,Bromley 020,POINT (541542.332655623 168081.02218451235)
E02000147,Bromley 021,POINT (539016.6917676632 168012.75963689148)
E02000148,Bromley 022,POINT (543508.5749772057 167951.57968669164)
E02000149,Bromley 023,POINT (546404.6095828858 167822.0182228163)
E02000150,Bromley 024,POINT (537255.3141958343 167440.01358620447)
E02000151,Bromley 025,POINT (544765.2266319405 167289.38557959202)
E02000152,Bromley 026,POINT (542628.0615769298 166982.9662308758)
E02000153,Bromley 027,POINT (540116.9901035685 166903.47612756112)
E02000154,Bromley 028,POINT (545894.3891538499 166567.26710930344)
E02000155,Bromley 029,POINT (547213.233945854 166496.0825732295)
E02000156,Bromley 030,POINT (538386.3883202634 166045.64691033433)
E02000157,Bromley 031,POINT (544507.4372996403 165829.01507127663)
E02000158,Bromley 032,POINT (547274.9465067709 165451.34945968704)
E02000159,Bromley 033,POINT (542235.1321710497 164793.2403472319)
E02000160,Bromley 034,POINT (540100.9329907866 164867.36195047546)
E02000161,Bromley 035,POINT (545832.7632016178 164818.51769376977)
E02000162,Bromley 036,POINT (544372.2189321477 162660.1767584781)
E02000163,Bromley 037,POINT (547432.7057790186 163305.41449170667)
E02000165,Bromley 039,POINT (540757.6068449992 159154.49080247863)
E02000166,Camden 001,POINT (527912.7257592105 186726.4369788857)
E02000167,Camden 002,POINT (526612.6941623382 186335.34393717442)
E02000168,Camden 003,POINT (528884.7470734323 185690.04533483437)
E02000169,Camden 004,POINT (525825.2916066513 185771.05178196437)
E02000170,Camden 005,POINT (524797.8184595456 185450.56131175347)
E02000171,Camden 006,POINT (527754.0227127922 185353.54408524363)
E02000172,Camden 007,POINT (528505.6671943424 185068.69205972448)
E02000173,Camden 008,POINT (526757.6400683214 185085.62770801323)
E02000174,Camden 009,POINT (529332.504158713 184940.83237242256)
E02000175,Camden 010,POINT (525575.1212735777 184916.50947009082)
E02000176,Camden 011,POINT (527089.7110089866 184765.4050814222)
E02000177,Camden 012,POINT (528137.3125466543 184603.29818131457)
E02000178,Camden 013,POINT (524926.1178421815 184635.24333717272)
E02000179,Camden 014,POINT (527373.2296678552 184462.0739066352)
E02000180,Camden 015,POINT (529675.7221169736 184479.31532799645)
E02000181,Camden 016,POINT (525803.5111624204 184326.60886658862)
E02000182,Camden 017,POINT (526923.5225881205 184047.21938785692)
E02000183,Camden 018,POINT (528206.1667205861 183999.3271026299)
E02000184,Camden 019,POINT (529358.079471529 183919.01855783892)
E02000185,Camden 020,POINT (525770.0132083202 183785.11544339138)
E02000186,Camden 021,POINT (528792.8389923837 183203.7711776055)
E02000187,Camden 022,POINT (529890.1274677844 183329.50525370086)
E02000188,Camden 023,POINT (529192.7675995382 182752.29481016842)
E02000189,Camden 024,POINT (530621.8781312716 182671.1179586406)
E02000190,Camden 025,POINT (530235.0165155159 182475.97749693182)
E02000191,Camden 026,POINT (529550.4248439525 182038.35762327662)
E02000192,Camden 027,POINT (531012.4881695712 181974.94521768842)
E02000193,Camden 028,POINT (530367.1495702907 181625.48305816637)
E02000194,Croydon 001,POINT (533140.7697840672 170249.5299978642)
E02000195,Croydon 002,POINT (531870.3069001042 170263.27874297614)
E02000196,Croydon 003,POINT (531169.2084267276 169564.0685616367)
E02000197,Croydon 004,POINT (530505.2649743087 169151.92110352742)
E02000198,Croydon 005,POINT (532346.0437385902 169161.7357472153)
E02000199,Croydon 006,POINT (532878.6894216575 168850.69601526557)
E02000200,Croydon 007,POINT (533689.5531325948 168871.79733321548)
E02000201,Croydon 008,POINT (534378.8356942597 168516.55583396542)
E02000202,Croydon 009,POINT (531523.2451428523 168372.53445297974)
E02000203,Croydon 010,POINT (532432.0907993009 168141.1091321457)
E02000204,Croydon 011,POINT (530963.4508989013 167850.98098105026)
E02000206,Croydon 013,POINT (533048.6868881572 167487.5620743208)
E02000207,Croydon 014,POINT (534618.6804432275 167263.45337082446)
E02000208,Croydon 015,POINT (531847.4485485149 167193.0663605343)
E02000209,Croydon 016,POINT (530574.1175450551 167010.51812269454)
E02000210,Croydon 017,POINT (533838.2422894477 166841.8720852099)
E02000211,Croydon 018,POINT (536016.1283618604 166715.41188830178)
E02000212,Croydon 019,POINT (531119.2137206662 166259.08775642625)
E02000213,Croydon 020,POINT (532341.1802590147 166429.02505827398)
E02000214,Croydon 021,POINT (534700.0052020671 166276.3789340769)
E02000215,Croydon 022,POINT (533465.9325210998 166151.93417497262)
E02000216,Croydon 023,POINT (533911.1601773738 165134.59776924673)
E02000217,Croydon 024,POINT (531600.6097889891 165406.78101127857)
E02000218,Croydon 025,POINT (537189.1303796234 165416.6847159542)
E02000219,Croydon 026,POINT (536050.2922737688 164717.87062183834)
E02000220,Croydon 027,POINT (532633.0244820642 165008.56435857093)
E02000221,Croydon 028,POINT (531517.8435345093 163893.83851803196)
E02000222,Croydon 029,POINT (533355.4390321359 163849.1801219213)
E02000223,Croydon 030,POINT (537939.1875463938 163527.38116250077)
E02000224,Croydon 031,POINT (532457.8710552416 162826.3157965375)
E02000225,Croydon 032,POINT (538444.9144212242 162846.11418182333)
E02000226,Croydon 033,POINT (534727.7970534947 163050.35427321866)
E02000227,Croydon 034,POINT (536837.1569008039 162597.56654686478)
E02000228,Croydon 035,POINT (533510.4006443123 161892.41907856235)
E02000229,Croydon 036,POINT (538929.9249387025 161702.7022028183)
E02000230,Croydon 037,POINT (531591.730137012 161727.93976355164)
E02000231,Croydon 038,POINT (530011.7678660217 161128.02629114364)
E02000232,Croydon 039,POINT (535028.0594145891 160753.18634574985)
E02000233,Croydon 040,POINT (531908.232794559 160010.4503873412)
E02000234,Croydon 041,POINT (530621.0997798811 159645.2956493258)
E02000235,Croydon 042,POINT (532901.0266714472 159360.42424097806)
E02000236,Croydon 043,POINT (529297.5794083367 158415.20404183882)
E02000237,Croydon 044,POINT (531288.4943888655 157493.7534457433)
E02000238,Ealing 001,POINT (514638.4279311575 185127.54111740008)
E02000239,Ealing 002,POINT (516115.286631797 184605.83535610815)
E02000240,Ealing 003,POINT (512811.1171899565 184719.80308052522)
E02000241,Ealing 004,POINT (513513.62542917224 184311.7122637699)
E02000242,Ealing 005,POINT (517115.1249811477 183641.45326947587)
E02000243,Ealing 006,POINT (514849.87196508475 183450.80427179267)
E02000244,Ealing 007,POINT (516404.1428923247 183154.45308400327)
E02000245,Ealing 008,POINT (512126.561212739 183472.97927447504)
E02000246,Ealing 009,POINT (511049.55706717446 183260.90952535474)
E02000247,Ealing 010,POINT (513270.0656521693 183043.2029991867)
E02000248,Ealing 011,POINT (518590.90781486494 182584.16483063574)
E02000249,Ealing 012,POINT (514313.55285466526 182267.5049408233)
E02000250,Ealing 013,POINT (517447.3566229282 182241.33733503707)
E02000251,Ealing 014,POINT (513649.34920781606 182086.215002163)
E02000252,Ealing 015,POINT (520555.72087630694 182146.41818935247)
E02000253,Ealing 016,POINT (515509.1758557689 181806.61629978244)
E02000254,Ealing 017,POINT (512942.9001931927 181530.97467596896)
E02000255,Ealing 018,POINT (516337.16249028785 181673.87497406136)
E02000256,Ealing 019,POINT (517058.9926721117 181147.1418962697)
E02000257,Ealing 020,POINT (518376.05080945056 181199.95877331702)
E02000258,Ealing 021,POINT (519881.6222542794 181178.81763288035)
E02000259,Ealing 022,POINT (515086.6657372848 181133.56770784117)
E02000260,Ealing 023,POINT (513080.9397965989 180523.11394145188)
E02000261,Ealing 024,POINT (521268.5600428909 180601.51988997348)
E02000262,Ealing 025,POINT (520204.7874780891 180382.5414345663)
E02000263,Ealing 026,POINT (512057.9065282779 180172.58488572986)
E02000264,Ealing 027,POINT (519074.2165636039 180243.0233502726)
E02000265,Ealing 028,POINT (516301.89245680196 180205.8836040426)
E02000266,Ealing 029,POINT (514141.2042683506 179943.46920795838)
E02000267,Ealing 030,POINT (515426.2969630824 179966.5037779511)
E02000268,Ealing 031,POINT (517989.18085166975 179833.51491107256)
E02000269,Ealing 032,POINT (517110.556512559 179801.11534380462)
E02000270,Ealing 033,POINT (519923.489561962 179634.95129818708)
E02000271,Ealing 034,POINT (521011.23205158126 179495.3881110576)
E02000272,Ealing 035,POINT (516060.91539681464 179218.49134182435)
E02000274,Ealing 037,POINT (511774.1241107973 179137.28204879403)
E02000275,Ealing 038,POINT (513076.3105432975 178919.33625279713)
E02000276,Ealing 039,POINT (517372.0026564857 178870.16331657386)
E02000277,Enfield 001,POINT (535921.8771306011 199517.215988175)
E02000278,Enfield 002,POINT (535206.2477507287 199136.98927614337)
E02000279,Enfield 003,POINT (536951.618017166 198922.90385243593)
E02000280,Enfield 004,POINT (531091.3584462247 199397.06622818892)
E02000281,Enfield 005,POINT (533925.7986675728 198199.68390315908)
E02000282,Enfield 006,POINT (535241.100814595 197988.95947601067)
E02000283,Enfield 007,POINT (535974.5394657719 197580.76516828756)
E02000284,Enfield 008,POINT (532413.2898918835 197317.23659455462)
E02000285,Enfield 009,POINT (533403.8827430446 197304.00947459703)
E02000286,Enfield 010,POINT (531456.9148715539 197407.0774636447)
E02000287,Enfield 011,POINT (527839.9168033758 197706.08466721806)
E02000288,Enfield 012,POINT (534907.9656421104 196514.08883286006)
E02000289,Enfield 013,POINT (530453.0309093427 196695.9719450469)
E02000290,Enfield 014,POINT (536755.5033855449 196474.42315699853)
E02000291,Enfield 015,POINT (533372.0543818991 195893.0135963949)
E02000292,Enfield 016,POINT (534157.4892456825 195876.45781636942)
E02000293,Enfield 017,POINT (531995.8565308206 195636.30692033193)
E02000294,Enfield 018,POINT (535892.1949579968 194996.58279510698)
E02000295,Enfield 019,POINT (530229.2160311388 195071.93037731462)
E02000296,Enfield 020,POINT (529285.6329729528 195314.4223123564)
E02000297,Enfield 021,POINT (532971.7964279088 194719.28502725036)
E02000298,Enfield 022,POINT (531267.3596893683 194431.85053427308)
E02000299,Enfield 023,POINT (534841.1787794664 194376.00746654393)
E02000300,Enfield 024,POINT (533985.4971440085 194283.97913998782)
E02000301,Enfield 025,POINT (536029.1698172329 193846.83420222212)
E02000302,Enfield 026,POINT (532201.0924197042 193546.9025733581)
E02000303,Enfield 027,POINT (533684.2443857365 193310.6537328193)
E02000304,Enfield 028,POINT (529978.5635833493 193260.25366927788)
E02000305,Enfield 029,POINT (531134.4947463565 193207.54001190333)
E02000306,Enfield 030,POINT (535237.5052777235 192871.87400528401)
E02000307,Enfield 031,POINT (532799.2288421287 192998.99680732717)
E02000308,Enfield 032,POINT (529282.7031084886 192382.7609305864)
E02000309,Enfield 033,POINT (534979.2741536795 192087.29726402363)
E02000311,Enfield 035,POINT (531933.261842821 192166.16237128866)
E02000312,Enfield 036,POINT (530580.7362909521 192211.51846210484)
E02000313,Greenwich 001,POINT (546863.7271851767 180293.13827557603)
E02000314,Greenwich 002,POINT (545740.4802367109 180154.63991864488)
E02000315,Greenwich 003,POINT (546779.2953360156 179322.17792877485)
E02000316,Greenwich 004,POINT (542623.1486888934 179028.66405779423)
E02000317,Greenwich 005,POINT (542504.6370036823 178648.02822748982)
E02000318,Greenwich 006,POINT (545590.9847647399 178670.6674652036)
E02000319,Greenwich 007,POINT (544771.5299943893 178668.84506035637)
E02000320,Greenwich 008,POINT (546898.8505947911 178203.17971997216)
E02000321,Greenwich 009,POINT (544343.3817502545 178406.66301238537)
E02000323,Greenwich 011,POINT (543855.5075077973 178141.59256712534)
E02000324,Greenwich 012,POINT (541761.9782664292 177896.06471001514)
E02000326,Greenwich 014,POINT (540859.5000061004 177806.4829971165)
E02000327,Greenwich 015,POINT (542957.2333577019 177635.35177466366)
E02000328,Greenwich 016,POINT (539930.590475556 177619.12819629494)
E02000329,Greenwich 017,POINT (544789.4188834737 176787.85960186514)
E02000331,Greenwich 019,POINT (541721.5184983826 177052.3840624086)
E02000332,Greenwich 020,POINT (543739.3684126401 176732.3115691962)
E02000333,Greenwich 021,POINT (540310.2428869563 176591.7128869822)
E02000334,Greenwich 022,POINT (541730.6560207038 176356.21489807268)
E02000335,Greenwich 023,POINT (543456.194879404 175667.96752569234)
E02000337,Greenwich 025,POINT (541978.4729295396 175262.99607442998)
E02000339,Greenwich 027,POINT (543119.9304332663 174968.48424033134)
E02000340,Greenwich 028,POINT (543596.8516972759 174128.650960367)
E02000341,Greenwich 029,POINT (541520.805039075 173942.83399973638)
E02000342,Greenwich 030,POINT (544540.3181266057 173717.75664994936)
E02000343,Greenwich 031,POINT (542808.4518467676 172615.80951668078)
E02000344,Greenwich 032,POINT (543711.4184417878 172433.13903719562)
E02000345,Hackney 001,POINT (533931.2561022048 187874.31741106982)
E02000346,Hackney 002,POINT (532379.8851250948 187512.80276677696)
E02000347,Hackney 003,POINT (533029.5271200472 187456.1926809144)
E02000348,Hackney 004,POINT (534075.8485572285 187456.70759745492)
E02000350,Hackney 006,POINT (534063.3143468434 186770.69127873436)
E02000351,Hackney 007,POINT (531990.9208867522 186778.57884336912)
E02000352,Hackney 008,POINT (532809.4346237356 186602.11417835028)
E02000353,Hackney 009,POINT (533498.330749937 186459.74638767945)
E02000354,Hackney 010,POINT (534512.2196198332 185979.97512974107)
E02000355,Hackney 011,POINT (535241.6249426553 186015.4008621566)
E02000356,Hackney 012,POINT (532850.5248452615 185838.7668499172)
E02000357,Hackney 013,POINT (536526.5805423928 185998.38194099267)
E02000358,Hackney 014,POINT (533517.7811139118 185684.8254601955)
E02000359,Hackney 015,POINT (535924.154537538 185526.4000188365)
E02000360,Hackney 016,POINT (534311.346913756 185328.69298048934)
E02000361,Hackney 017,POINT (534970.9634230245 184979.68978082252)
E02000362,Hackney 018,POINT (536849.5008669675 184994.44083044367)
E02000363,Hackney 019,POINT (535531.7057397573 184909.82503052233)
E02000364,Hackney 020,POINT (534145.4457692881 184616.07084280375)
E02000365,Hackney 021,POINT (533486.1358071183 184478.59387114737)
E02000366,Hackney 022,POINT (535740.5353703077 184230.24033914527)
E02000367,Hackney 023,POINT (534916.3012582598 183984.7704446252)
E02000368,Hackney 024,POINT (534123.5485321803 183643.6339957719)
E02000369,Hackney 025,POINT (533303.5334785926 183647.6373699965)
E02000370,Hackney 026,POINT (532576.7765027789 183227.22149548854)
E02000371,Hackney 027,POINT (533180.8823731637 182696.59037209413)
E02000372,Hammersmith and Fulham 001,POINT (522362.4459388111 181818.58656593048)
E02000373,Hammersmith and Fulham 002,POINT (522580.95448222343 180719.77141121248)
E02000374,Hammersmith and Fulham 003,POINT (522111.088603097 180474.17836816979)
E02000375,Hammersmith and Fulham 004,POINT (523324.6275305819 180258.09721285454)
E02000376,Hammersmith and Fulham 005,POINT (522918.81410797575 179823.92161307132)
E02000377,Hammersmith and Fulham 006,POINT (522253.5369526026 179767.21964988636)
E02000378,Hammersmith and Fulham 007,POINT (523603.2999840306 179581.1166979274)
E02000379,Hammersmith and Fulham 008,POINT (521849.4381501296 179373.84881665485)
E02000380,Hammersmith and Fulham 009,POINT (522925.09173393523 179203.1828779836)
E02000381,Hammersmith and Fulham 010,POINT (523752.35152285703 179115.81010821625)
E02000382,Hammersmith and Fulham 011,POINT (522333.23771767033 178710.13048740855)
E02000383,Hammersmith and Fulham 012,POINT (524294.2295759806 178685.56066066978)
E02000384,Hammersmith and Fulham 013,POINT (523209.74411698635 178531.33924469794)
E02000385,Hammersmith and Fulham 014,POINT (524232.9356834477 178108.51668377747)
E02000386,Hammersmith and Fulham 015,POINT (524815.905062292 178017.1296339269)
E02000387,Hammersmith and Fulham 016,POINT (523987.27374456066 177749.78119129315)
E02000388,Hammersmith and Fulham 017,POINT (525193.4064609589 177561.05059148063)
E02000389,Hammersmith and Fulham 018,POINT (523603.1496965811 177312.60033763928)
E02000390,Hammersmith and Fulham 019,POINT (524423.6624811755 177267.39607470852)
E02000391,Hammersmith and Fulham 020,POINT (525588.0959164245 176898.89984078496)
E02000392,Hammersmith and Fulham 021,POINT (524892.5910770297 176795.29820709044)
E02000393,Hammersmith and Fulham 022,POINT (524204.844268207 176839.4182045735)
E02000394,Hammersmith and Fulham 023,POINT (526114.4769056254 176454.7115068274)
E02000395,Hammersmith and Fulham 024,POINT (524484.7403277014 176104.69087825995)
E02000396,Hammersmith and Fulham 025,POINT (525519.4031841957 176001.08311115784)
E02000397,Haringey 001,POINT (530499.7709096125 191315.0866858429)
E02000398,Haringey 002,POINT (534834.3189789448 191281.99180139875)
E02000400,Haringey 004,POINT (529598.9587511587 191244.42043869593)
E02000401,Haringey 005,POINT (532330.9981579648 191204.76951174377)
E02000402,Haringey 006,POINT (533071.3376484374 191122.67422168318)
E02000403,Haringey 007,POINT (531121.4701662448 191059.02858344145)
E02000404,Haringey 008,POINT (531704.4423115936 190877.68867605354)
E02000405,Haringey 009,POINT (529571.7031344099 190367.26132751838)
E02000406,Haringey 010,POINT (531686.9993022085 190310.38134943647)
E02000407,Haringey 011,POINT (533545.9991246241 190231.18041818336)
E02000408,Haringey 012,POINT (534058.1352447325 190250.1865495254)
E02000409,Haringey 013,POINT (532612.6711773179 190100.61853443566)
E02000410,Haringey 014,POINT (528618.5134945682 190089.62216669612)
E02000411,Haringey 015,POINT (534671.2685244384 190038.34169169303)
E02000412,Haringey 016,POINT (531006.3303130787 189967.16323933433)
E02000413,Haringey 017,POINT (527904.4322945704 189960.63505235882)
E02000414,Haringey 018,POINT (533162.518365797 189764.85691079713)
E02000415,Haringey 019,POINT (532099.1455347314 189671.88764613948)
E02000416,Haringey 020,POINT (530433.5667953733 189350.76711545433)
E02000417,Haringey 021,POINT (528886.6047042885 189166.1667433784)
E02000418,Haringey 022,POINT (529682.2359075855 189151.44108611418)
E02000419,Haringey 023,POINT (531407.5481024695 189134.77894150457)
E02000420,Haringey 024,POINT (533192.1439034865 189162.66627192282)
E02000421,Haringey 025,POINT (533954.0916126601 189116.25025115168)
E02000422,Haringey 026,POINT (532714.1525764214 188827.26968025893)
E02000423,Haringey 027,POINT (532113.8607563936 188693.88930006628)
E02000424,Haringey 028,POINT (530779.8546129054 188605.15750628363)
E02000425,Haringey 029,POINT (533970.652785447 188449.17569922894)
E02000426,Haringey 030,POINT (527845.0679855256 188262.85153274448)
E02000427,Haringey 031,POINT (531656.5712336978 187882.84745002622)
E02000428,Haringey 032,POINT (532825.9866471806 188208.07640894246)
E02000429,Haringey 033,POINT (529472.4264094892 188228.17341802674)
E02000430,Haringey 034,POINT (530449.0638691855 188124.90626197608)
E02000431,Haringey 035,POINT (528824.0261827069 187669.7890855018)
E02000432,Haringey 036,POINT (531172.7798380627 187645.2542798854)
E02000433,Harrow 001,POINT (516499.9023795401 193256.34011705662)
E02000434,Harrow 002,POINT (518242.88768062217 191764.0645301783)
E02000435,Harrow 003,POINT (516310.7213922457 191677.59069689972)
E02000436,Harrow 004,POINT (513676.37344457983 192126.34981687597)
E02000437,Harrow 005,POINT (515130.15926615626 191124.70210430722)
E02000438,Harrow 006,POINT (513293.208772324 191016.69994481595)
E02000439,Harrow 007,POINT (519203.69108343904 190907.64422021777)
E02000440,Harrow 008,POINT (517016.902417117 190918.29227669022)
E02000441,Harrow 009,POINT (511344.0124494857 190881.77464753477)
E02000442,Harrow 010,POINT (518771.8557105935 190375.96174691763)
E02000443,Harrow 011,POINT (515133.11781595985 190274.2830677848)
E02000444,Harrow 012,POINT (517697.06648103974 190148.20487835456)
E02000445,Harrow 013,POINT (515776.2712772461 189819.16163461359)
E02000447,Harrow 015,POINT (513801.20252310863 189944.8566055468)
E02000448,Harrow 016,POINT (512166.47672433854 189626.95441993506)
E02000449,Harrow 017,POINT (518378.92186243663 189344.91601999625)
E02000451,Harrow 019,POINT (513147.743890663 189164.6076348038)
E02000452,Harrow 020,POINT (515221.9767625409 189008.5623855035)
E02000453,Harrow 021,POINT (514333.2916992802 188653.29524621522)
E02000454,Harrow 022,POINT (512000.37912420963 188351.22403265457)
E02000455,Harrow 023,POINT (515741.63558030495 188206.17985828407)
E02000456,Harrow 024,POINT (514157.57968747703 187993.5752019236)
E02000457,Harrow 025,POINT (513149.32511034247 187732.93413253725)
E02000459,Harrow 027,POINT (514319.1961338052 186813.2414945469)
E02000460,Harrow 028,POINT (513189.7762514526 186636.31435784738)
E02000461,Harrow 029,POINT (515414.40547760046 186767.2022043133)
E02000462,Harrow 030,POINT (513804.8284948103 185898.61323448687)
E02000463,Harrow 031,POINT (512808.9765918204 185803.0597957219)
E02000464,Havering 001,POINT (553999.9947124214 193423.47561049837)
E02000465,Havering 002,POINT (555355.7085871706 192213.46554422798)
E02000466,Havering 003,POINT (551347.4693129768 192721.64967996077)
E02000467,Havering 004,POINT (553774.3765983549 191769.15190911412)
E02000468,Havering 005,POINT (549403.6447791579 192432.9651783195)
E02000469,Havering 006,POINT (552847.2155026225 191207.77717759533)
E02000470,Havering 007,POINT (555881.2308028761 190490.47817005336)
E02000471,Havering 008,POINT (551403.0605635344 190702.07435341933)
E02000472,Havering 009,POINT (550417.660481121 190325.85600245287)
E02000473,Havering 010,POINT (554655.7700291321 189503.72242057262)
E02000474,Havering 011,POINT (549768.7196196156 189631.6441340713)
E02000475,Havering 012,POINT (552795.5842933237 189688.50360409325)
E02000476,Havering 013,POINT (551317.9038890612 188960.46584242771)
E02000477,Havering 014,POINT (552964.8269568849 188355.98929346318)
E02000478,Havering 015,POINT (554760.1153857339 188259.72725145213)
E02000479,Havering 016,POINT (551967.8228831752 187998.2938083021)
E02000480,Havering 017,POINT (550059.1470205454 188021.4247776278)
E02000481,Havering 018,POINT (559066.6034441717 186853.53334853312)
E02000482,Havering 019,POINT (556494.3544442254 187545.26517823452)
E02000483,Havering 020,POINT (553900.7050879474 187127.03734438424)
E02000484,Havering 021,POINT (552366.8164658834 186982.14099906627)
E02000485,Havering 022,POINT (555221.9681515732 186765.21560613957)
E02000486,Havering 023,POINT (553238.0040352176 186141.59908737164)
E02000487,Havering 024,POINT (556512.3258779377 184739.3806115632)
E02000488,Havering 025,POINT (553667.5967460749 185379.27099112736)
E02000489,Havering 026,POINT (552341.9196269154 184924.50028599091)
E02000490,Havering 027,POINT (552339.3790645947 183986.3975176751)
E02000491,Havering 028,POINT (551091.6390990939 182664.6392783418)
E02000492,Havering 029,POINT (553490.9450097817 181453.03688041266)
E02000493,Havering 030,POINT (552723.2648362156 182040.43101583468)
E02000494,Hillingdon 001,POINT (508285.8826568618 190862.1062802343)
E02000495,Hillingdon 002,POINT (509608.75854193734 190710.79300224662)
E02000496,Hillingdon 003,POINT (505638.5068145071 189946.73988488418)
E02000497,Hillingdon 004,POINT (510306.31315003627 189145.85525383503)
E02000498,Hillingdon 005,POINT (508191.15364136157 188537.2104476702)
E02000499,Hillingdon 006,POINT (511296.6949132749 187918.66053679903)
E02000500,Hillingdon 007,POINT (509455.2157052617 187981.6885106994)
E02000501,Hillingdon 008,POINT (510991.2557318681 186976.44899324517)
E02000502,Hillingdon 009,POINT (509130.87082112726 185879.55713970805)
E02000503,Hillingdon 010,POINT (510548.67401991034 186206.9422613004)
E02000504,Hillingdon 011,POINT (507477.51829413546 186180.83777906597)
E02000506,Hillingdon 013,POINT (506406.1429579188 185595.0331761079)
E02000507,Hillingdon 014,POINT (508607.3324162589 184079.63065993966)
E02000508,Hillingdon 015,POINT (506163.7237049577 183536.34101869713)
E02000509,Hillingdon 016,POINT (505153.2073508812 183285.08902927153)
E02000510,Hillingdon 017,POINT (507076.2999383041 182643.64405154224)
E02000511,Hillingdon 018,POINT (509286.5410743285 182666.88953424882)
E02000512,Hillingdon 019,POINT (508105.30798748473 182553.875350884)
E02000513,Hillingdon 020,POINT (511066.16753745184 182292.87440583666)
E02000514,Hillingdon 021,POINT (510270.9359538245 181741.12800504183)
E02000515,Hillingdon 022,POINT (505575.27083586704 181219.3626224165)
E02000516,Hillingdon 023,POINT (511972.9986895636 181527.9306096268)
E02000517,Hillingdon 024,POINT (508525.1870301466 181222.95169234363)
E02000518,Hillingdon 025,POINT (507056.93289272394 180853.03115731213)
E02000519,Hillingdon 026,POINT (510669.449542168 180841.5095060352)
E02000520,Hillingdon 027,POINT (509517.34982430923 180139.19129436454)
E02000521,Hillingdon 028,POINT (507633.9740217633 179262.8352011972)
E02000522,Hillingdon 029,POINT (506090.26167573006 179331.66251287522)
E02000523,Hillingdon 030,POINT (509486.31270336115 178940.13880092287)
E02000524,Hillingdon 031,POINT (506657.4873184107 176436.2812033822)
E02000525,Hillingdon 032,POINT (509416.33751831995 177394.30517691324)
E02000526,Hounslow 001,POINT (521534.5056272579 178509.63342962915)
E02000528,Hounslow 003,POINT (518431.90011280857 178409.95047476017)
E02000529,Hounslow 004,POINT (512846.599800506 177948.4083428039)
E02000530,Hounslow 005,POINT (511214.18784153217 178049.52927141768)
E02000531,Hounslow 006,POINT (517133.042466797 177596.9790141235)
E02000532,Hounslow 007,POINT (520904.75441517116 177273.00105778777)
E02000533,Hounslow 008,POINT (519886.20945717464 177479.11118241685)
E02000534,Hounslow 009,POINT (515222.91612686147 177899.24468591055)
E02000535,Hounslow 010,POINT (511867.40895914036 177035.83007333378)
E02000536,Hounslow 011,POINT (513069.40697624686 176715.95294479033)
E02000537,Hounslow 012,POINT (514254.96985381684 176993.98174586968)
E02000538,Hounslow 013,POINT (510808.5539204585 176160.23963095338)
E02000539,Hounslow 014,POINT (516079.0278838387 176209.3466695597)
E02000540,Hounslow 015,POINT (514759.4254596072 175989.32281901315)
E02000541,Hounslow 016,POINT (511829.0377966353 175852.39491797573)
E02000542,Hounslow 017,POINT (512848.3712264429 175717.9545900694)
E02000543,Hounslow 018,POINT (513701.4663077867 175290.08197250735)
E02000544,Hounslow 019,POINT (514786.69984456873 175037.35365813077)
E02000545,Hounslow 020,POINT (516052.87042886997 175093.62873982053)
E02000546,Hounslow 021,POINT (512289.10946675367 174517.03338618323)
E02000547,Hounslow 022,POINT (510016.64369096386 174591.39267059855)
E02000548,Hounslow 023,POINT (508291.23002421774 173289.66162920644)
E02000549,Hounslow 024,POINT (511279.7292421015 173404.88345301244)
E02000550,Hounslow 025,POINT (510023.5421185372 172961.07189109497)
E02000551,Hounslow 026,POINT (512062.11197716795 172334.16865100685)
E02000552,Hounslow 027,POINT (509413.85820869426 172069.8613231028)
E02000553,Hounslow 028,POINT (511424.77275626274 171260.6633442514)
E02000554,Islington 001,POINT (530218.3941660242 187433.42633759163)
E02000555,Islington 002,POINT (529622.4705006739 187203.0897680416)
E02000556,Islington 003,POINT (530560.5798535437 186921.93366542616)
E02000557,Islington 004,POINT (529276.7311382808 186620.004946432)
E02000558,Islington 005,POINT (531010.8724953636 186444.4831412456)
E02000559,Islington 006,POINT (531655.1578620576 186234.02057701768)
E02000560,Islington 007,POINT (530590.1345786836 186133.28083915028)
E02000561,Islington 008,POINT (529696.5691404917 186039.7355826071)
E02000562,Islington 009,POINT (532085.09917326 185658.68897115372)
E02000563,Islington 010,POINT (529990.1269002797 185508.93757905244)
E02000564,Islington 011,POINT (530893.1017802259 185447.47469220086)
E02000565,Islington 012,POINT (532879.5226445793 185215.0940854226)
E02000566,Islington 013,POINT (531493.3929740309 185063.4713222833)
E02000567,Islington 014,POINT (532641.0306882976 184693.81593407792)
E02000568,Islington 015,POINT (530448.6281466671 184601.76009215426)
E02000569,Islington 016,POINT (531998.1338073736 184443.4223698879)
E02000570,Islington 017,POINT (531156.141135691 184114.6285561831)
E02000571,Islington 018,POINT (532308.3013509352 183834.66434302717)
E02000572,Islington 019,POINT (530697.2587635145 183607.7391200333)
E02000573,Islington 020,POINT (531667.3697189656 183447.00056155294)
E02000574,Islington 021,POINT (530953.6105241204 183055.0909456364)
E02000575,Islington 022,POINT (531606.973258174 182381.68522465957)
E02000576,Islington 023,POINT (532460.7932829359 182360.66178920178)
E02000577,Kensington and Chelsea 001,POINT (523989.73525498615 182187.24321843428)
E02000578,Kensington and Chelsea 002,POINT (523620.9029904821 181919.6851798848)
E02000579,Kensington and Chelsea 003,POINT (523659.1587355878 181379.62116709538)
E02000580,Kensington and Chelsea 004,POINT (524598.7998623071 181343.79296048186)
E02000581,Kensington and Chelsea 005,POINT (523997.82573835785 180757.56437830976)
E02000582,Kensington and Chelsea 006,POINT (525058.1885332485 180708.24268506913)
E02000583,Kensington and Chelsea 007,POINT (524368.2628606781 180532.4713863443)
E02000584,Kensington and Chelsea 008,POINT (525459.1991498879 180069.0555954336)
E02000585,Kensington and Chelsea 009,POINT (524511.4806365905 179636.06047779002)
E02000586,Kensington and Chelsea 010,POINT (526050.4328889974 179353.5116184145)
E02000587,Kensington and Chelsea 011,POINT (525230.8465820613 179214.2173215106)
E02000588,Kensington and Chelsea 012,POINT (527640.1220828076 179109.9181945027)
E02000589,Kensington and Chelsea 013,POINT (525781.3436724808 178843.0913062513)
E02000590,Kensington and Chelsea 014,POINT (527202.178379428 178741.99710196815)
E02000591,Kensington and Chelsea 015,POINT (525090.5952088311 178662.25538729056)
E02000592,Kensington and Chelsea 016,POINT (526492.1372249002 178689.8164837165)
E02000593,Kensington and Chelsea 017,POINT (525693.7886407744 178183.9462985299)
E02000594,Kensington and Chelsea 018,POINT (527833.2288304863 178091.18309982796)
E02000595,Kensington and Chelsea 019,POINT (526959.9935285347 177990.47698184452)
E02000596,Kensington and Chelsea 020,POINT (526190.0588773288 177884.45367152602)
E02000597,Kensington and Chelsea 021,POINT (526382.1017964481 177326.76700044377)
E02000598,Kingston upon Thames 001,POINT (518227.3379130795 171042.64579255052)
E02000599,Kingston upon Thames 002,POINT (520915.3890732502 170596.80802013248)
E02000600,Kingston upon Thames 003,POINT (519471.10169351345 170151.7565092212)
E02000601,Kingston upon Thames 004,POINT (518373.8705983447 170045.5782214999)
E02000602,Kingston upon Thames 005,POINT (518868.0711269357 169097.6572782296)
E02000603,Kingston upon Thames 006,POINT (519963.91725904605 168873.84894950813)
E02000604,Kingston upon Thames 007,POINT (521583.5160397685 168629.42392910895)
E02000605,Kingston upon Thames 008,POINT (520664.29844860354 168322.83665952124)
E02000606,Kingston upon Thames 009,POINT (518109.9126031817 168510.24698259382)
E02000607,Kingston upon Thames 010,POINT (519195.0892402161 168007.37780231948)
E02000608,Kingston upon Thames 011,POINT (517879.351824019 167394.18371934872)
E02000609,Kingston upon Thames 012,POINT (521112.4813982988 167118.6127092071)
E02000610,Kingston upon Thames 013,POINT (518281.4126064126 166826.16337051074)
E02000611,Kingston upon Thames 014,POINT (519788.92618321633 166900.94315827132)
E02000612,Kingston upon Thames 015,POINT (521886.26136351883 166779.91757641156)
E02000613,Kingston upon Thames 016,POINT (518433.67646001704 166023.5453984559)
E02000614,Kingston upon Thames 017,POINT (519842.6054155185 165512.37241868672)
E02000615,Kingston upon Thames 018,POINT (518166.3194109969 164892.39247113006)
E02000616,Kingston upon Thames 019,POINT (518898.3417026411 163920.63031620052)
E02000617,Kingston upon Thames 020,POINT (517480.8971563538 162284.7350969633)
E02000619,Lambeth 002,POINT (531171.4419879863 178755.41853140583)
E02000620,Lambeth 003,POINT (530945.7320271983 178266.39302958292)
E02000621,Lambeth 004,POINT (530409.586345098 177530.69662532775)
E02000622,Lambeth 005,POINT (531359.9288811508 177378.95221276357)
E02000623,Lambeth 006,POINT (530285.1823015977 176958.4904948739)
E02000624,Lambeth 007,POINT (531167.2540654776 176790.88771939103)
E02000625,Lambeth 008,POINT (529950.1679837996 176433.82958589986)
E02000626,Lambeth 009,POINT (531763.4640656598 176280.58747082175)
E02000627,Lambeth 010,POINT (530523.9441468536 176036.85276999322)
E02000628,Lambeth 011,POINT (531214.1135786758 175868.51152856246)
E02000629,Lambeth 012,POINT (529697.1227695567 175892.45957035097)
E02000630,Lambeth 013,POINT (528975.7905790453 175622.7042881105)
E02000631,Lambeth 014,POINT (532286.543463662 175556.26864165268)
E02000632,Lambeth 015,POINT (530335.4943352567 175265.38442833096)
E02000633,Lambeth 016,POINT (531000.8192482665 175093.57125203428)
E02000634,Lambeth 017,POINT (529720.0273255059 175053.3428545482)
E02000635,Lambeth 018,POINT (531649.9640373085 174568.25126259963)
E02000636,Lambeth 019,POINT (529241.438641041 174631.57350833507)
E02000637,Lambeth 020,POINT (530850.1731246376 174284.98648269646)
E02000638,Lambeth 021,POINT (530422.355602594 173988.0880923949)
E02000639,Lambeth 022,POINT (530045.5424556602 173724.70020362848)
E02000640,Lambeth 023,POINT (529423.9786880402 173569.0678982195)
E02000641,Lambeth 024,POINT (531144.6439403145 173458.38526565582)
E02000642,Lambeth 025,POINT (532107.1036263048 173252.35669736736)
E02000643,Lambeth 026,POINT (530317.7256621592 172827.69501023114)
E02000644,Lambeth 027,POINT (531211.7531949134 172484.1258485102)
E02000645,Lambeth 028,POINT (532164.7233823806 172235.30285258865)
E02000646,Lambeth 029,POINT (530009.854286845 172255.72485344394)
E02000647,Lambeth 030,POINT (531228.2599797738 171569.63727917615)
E02000648,Lambeth 031,POINT (532214.2979323221 171404.70620089615)
E02000649,Lambeth 032,POINT (530056.6521633667 171352.18541238786)
E02000650,Lambeth 033,POINT (533018.2306684516 171198.9965221725)
E02000651,Lambeth 034,POINT (530411.2255858654 170569.0472822497)
E02000652,Lambeth 035,POINT (529580.7362096297 170092.85454177728)
E02000653,Lewisham 001,POINT (536182.6075308498 178517.2000928781)
E02000654,Lewisham 002,POINT (536703.4083308441 177940.51476566863)
E02000655,Lewisham 003,POINT (535705.6757467185 177552.24446626255)
E02000657,Lewisham 005,POINT (536747.2310924309 176556.22845645182)
E02000658,Lewisham 006,POINT (535740.0573632242 176545.61816308374)
E02000659,Lewisham 007,POINT (538620.0220266851 176123.46085265066)
E02000660,Lewisham 008,POINT (537093.8246821573 176047.89428963762)
E02000661,Lewisham 009,POINT (539470.443435548 176060.2895292373)
E02000662,Lewisham 010,POINT (536121.0322986377 175638.93309971792)
E02000663,Lewisham 011,POINT (537530.3077091733 175557.6085792371)
E02000664,Lewisham 012,POINT (538203.0336151791 175226.77164644707)
E02000665,Lewisham 013,POINT (539311.7852329168 174872.32069268633)
E02000666,Lewisham 014,POINT (537092.5442149587 174929.29361176703)
E02000667,Lewisham 015,POINT (536613.3892168454 174499.4572419403)
E02000668,Lewisham 016,POINT (539746.6850031664 174245.0850161591)
E02000669,Lewisham 017,POINT (538781.7802771898 174130.35429843745)
E02000670,Lewisham 018,POINT (538210.1778959633 173825.86996488553)
E02000671,Lewisham 019,POINT (536212.4271763103 173758.2094648751)
E02000672,Lewisham 020,POINT (537350.0079816537 173697.94359063276)
E02000673,Lewisham 021,POINT (535195.8960749476 173523.0053047393)
E02000674,Lewisham 022,POINT (538963.6918228889 173249.64354108463)
E02000675,Lewisham 023,POINT (540364.2780555026 173177.54723231288)
E02000676,Lewisham 024,POINT (536179.2524538632 172982.7762173914)
E02000677,Lewisham 025,POINT (538146.3370633852 172859.7946106725)
E02000678,Lewisham 026,POINT (539712.554984305 172626.56107920743)
E02000679,Lewisham 027,POINT (535906.3693592664 172358.8024304668)
E02000680,Lewisham 028,POINT (534877.1115484462 172447.15854295445)
E02000681,Lewisham 029,POINT (537095.5341911189 172393.96913512144)
E02000682,Lewisham 030,POINT (538634.4882252185 172140.57173837328)
E02000683,Lewisham 031,POINT (541276.7661920192 172013.7531693279)
E02000685,Lewisham 033,POINT (534751.5178471185 171754.76407797597)
E02000686,Lewisham 034,POINT (537631.8931787574 171188.57995005048)
E02000687,Lewisham 035,POINT (535744.0420008567 171450.83275720757)
E02000689,Merton 001,POINT (525394.6475371701 172039.651186851)
E02000690,Merton 002,POINT (523069.43695293466 171418.8905749492)
E02000691,Merton 003,POINT (525333.4034454797 171054.0628088143)
E02000692,Merton 004,POINT (524245.59059144283 170693.59407674472)
E02000693,Merton 005,POINT (526801.6246695261 170502.5691277384)
E02000694,Merton 006,POINT (526049.3909933956 170522.9644065117)
E02000695,Merton 007,POINT (528554.6440530348 170257.44581826928)
E02000696,Merton 008,POINT (527465.0601208176 170088.90582518512)
E02000697,Merton 009,POINT (525390.5811504213 169948.97692261534)
E02000698,Merton 010,POINT (522661.52183543536 169811.7553501896)
E02000699,Merton 011,POINT (524249.81928373576 169608.5620488321)
E02000700,Merton 012,POINT (526468.8018003327 169450.11686038764)
E02000701,Merton 013,POINT (528038.4675409916 169470.59711075446)
E02000702,Merton 014,POINT (528805.7405810395 168776.851359564)
E02000703,Merton 015,POINT (525198.9506230516 169086.37931308692)
E02000704,Merton 016,POINT (523236.10661629506 168943.03425956692)
E02000705,Merton 017,POINT (529491.717806844 169043.0257902291)
E02000706,Merton 018,POINT (527297.4250407369 168989.30326088646)
E02000707,Merton 019,POINT (529929.0933505628 168160.26485084166)
E02000708,Merton 020,POINT (522861.2652032139 167954.96895574787)
E02000709,Merton 021,POINT (524307.7246881785 168040.00592533234)
E02000710,Merton 022,POINT (527717.7286746277 167876.9940735151)
E02000711,Merton 023,POINT (525907.4204976324 168095.63544474164)
E02000712,Merton 024,POINT (525395.1689721249 167284.46344444132)
E02000713,Merton 025,POINT (523823.6075784333 166884.46890599464)
E02000714,Newham 001,POINT (540356.2908962145 185666.22036615544)
E02000715,Newham 002,POINT (542947.8333769693 185723.73030485644)
E02000716,Newham 003,POINT (541979.5715377864 186010.40034236072)
E02000717,Newham 004,POINT (542211.5292596068 185425.78832002127)
E02000718,Newham 005,POINT (543152.1064194835 185307.93341589897)
E02000719,Newham 006,POINT (539710.4096446547 185294.22730361982)
E02000720,Newham 007,POINT (541064.2994670882 185311.20864756484)
E02000721,Newham 008,POINT (540630.346474397 184831.99360658464)
E02000722,Newham 009,POINT (539682.214706077 184714.70440594188)
E02000723,Newham 010,POINT (542367.1607057522 184648.8684504101)
E02000724,Newham 011,POINT (541764.0088237454 184652.17510151307)
E02000725,Newham 012,POINT (538983.0170272446 184530.04836743782)
E02000726,Newham 013,POINT (538232.0664749799 184174.386756989)
E02000727,Newham 014,POINT (541354.747320663 184258.0871487442)
E02000728,Newham 015,POINT (543042.1045586539 184341.30545317236)
E02000729,Newham 016,POINT (540129.953798452 184105.14236832608)
E02000730,Newham 017,POINT (540804.059334467 184081.93706679982)
E02000731,Newham 018,POINT (542361.0725027471 183721.7187794493)
E02000732,Newham 019,POINT (541739.7188985 183649.46854259126)
E02000733,Newham 020,POINT (539355.8467259634 183611.63794872782)
E02000734,Newham 021,POINT (540040.7075598617 183548.8816911051)
E02000735,Newham 022,POINT (540946.2247642542 183348.96580791273)
E02000736,Newham 023,POINT (543513.9386938673 183257.91658643007)
E02000737,Newham 024,POINT (542698.2251133523 183071.8597756576)
E02000738,Newham 025,POINT (541820.3652947568 183022.3036298791)
E02000739,Newham 026,POINT (540539.2126054151 182858.7622067249)
E02000740,Newham 027,POINT (539363.0871371863 182650.81464315217)
E02000741,Newham 028,POINT (541233.5341643873 182503.0464751542)
E02000742,Newham 029,POINT (542410.6685461258 182379.46330214967)
E02000743,Newham 030,POINT (539960.0199051867 182131.94442064894)
E02000744,Newham 031,POINT (540648.8985708363 181964.44502241802)
E02000745,Newham 032,POINT (541857.9582925354 181770.31724883537)
E02000746,Newham 033,POINT (544107.7585283348 181811.89077365314)
E02000747,Newham 034,POINT (539612.4937937619 181343.79017207606)
E02000748,Newham 035,POINT (542498.2910263712 181153.9408262343)
E02000749,Newham 036,POINT (541047.5363657447 181102.9729310718)
E02000750,Newham 037,POINT (542139.8873142272 180208.21448380972)
E02000751,Redbridge 001,POINT (540416.3927322355 192643.3437246165)
E02000752,Redbridge 002,POINT (547537.6180454711 192329.3456564543)
E02000753,Redbridge 003,POINT (545514.4659389594 192235.269778166)
E02000754,Redbridge 004,POINT (541504.0659152644 192097.3534300803)
E02000755,Redbridge 005,POINT (542185.8848988157 191592.8437786722)
E02000756,Redbridge 006,POINT (544437.6677748517 191118.2444665531)
E02000757,Redbridge 007,POINT (540141.2025403847 190676.88623942932)
E02000758,Redbridge 008,POINT (542802.8204807163 190503.05078554948)
E02000759,Redbridge 009,POINT (541240.1584247613 190326.41471294747)
E02000760,Redbridge 010,POINT (543881.2738037714 190213.45628259736)
E02000762,Redbridge 012,POINT (543225.9069409356 189089.0801304996)
E02000763,Redbridge 013,POINT (546408.5435903703 190182.8023149419)
E02000764,Redbridge 014,POINT (540138.1864910333 189084.66543496773)
E02000765,Redbridge 015,POINT (543644.6269722683 188829.93509003046)
E02000767,Redbridge 017,POINT (544340.8729824476 188791.34922256926)
E02000768,Redbridge 018,POINT (541088.4382872528 188307.70869184477)
E02000769,Redbridge 019,POINT (547250.723436612 188403.81704710986)
E02000770,Redbridge 020,POINT (545387.0162837218 188109.87994615085)
E02000772,Redbridge 022,POINT (546449.0428486735 188125.27388236817)
E02000773,Redbridge 023,POINT (544402.7411488782 187655.0342034106)
E02000774,Redbridge 024,POINT (545631.0727470706 187559.49798174136)
E02000776,Redbridge 026,POINT (543971.6438826657 187196.4787762335)
E02000777,Redbridge 027,POINT (540939.7133624522 186865.60507829848)
E02000779,Redbridge 029,POINT (543171.4785743506 186744.93516611418)
E02000780,Redbridge 030,POINT (544378.5498535589 186286.24991020103)
E02000781,Redbridge 031,POINT (545484.5923579445 186007.30157060537)
E02000782,Redbridge 032,POINT (543686.6872450426 185715.3970733763)
E02000783,Redbridge 033,POINT (544268.3230734781 185218.02424332983)
E02000784,Richmond upon Thames 001,POINT (522498.99752672744 177097.4050849874)
E02000785,Richmond upon Thames 002,POINT (518270.54159267776 176342.2918068777)
E02000786,Richmond upon Thames 003,POINT (521650.87094825564 175893.90268625796)
E02000787,Richmond upon Thames 004,POINT (519379.6629352086 175969.30876714145)
E02000788,Richmond upon Thames 005,POINT (520494.0186255022 175334.2488616304)
E02000789,Richmond upon Thames 006,POINT (519043.6948006422 174485.81019817016)
E02000790,Richmond upon Thames 007,POINT (516713.81785085925 174638.28481302175)
E02000791,Richmond upon Thames 008,POINT (518089.698799255 174526.765046314)
E02000792,Richmond upon Thames 009,POINT (517255.82049883105 173959.58316618757)
E02000793,Richmond upon Thames 010,POINT (514133.3756266635 174056.7327768257)
E02000794,Richmond upon Thames 011,POINT (515538.63946896326 173919.9930816776)
E02000795,Richmond upon Thames 012,POINT (519706.69696799066 172838.19587750497)
E02000796,Richmond upon Thames 013,POINT (513242.7736302556 173404.61200918624)
E02000797,Richmond upon Thames 014,POINT (515972.63681950833 173286.58471340255)
E02000798,Richmond upon Thames 015,POINT (514183.083475252 172436.8210342057)
E02000799,Richmond upon Thames 016,POINT (515552.8008425003 172386.56890430895)
E02000800,Richmond upon Thames 017,POINT (516881.92533716426 172331.09060009153)
E02000801,Richmond upon Thames 018,POINT (515687.83327975817 171601.37431345883)
E02000802,Richmond upon Thames 019,POINT (514526.52751314396 171080.72422012172)
E02000803,Richmond upon Thames 020,POINT (513073.9885401445 171127.67169906927)
E02000804,Richmond upon Thames 021,POINT (515822.3757405842 170124.96599188825)
E02000805,Richmond upon Thames 022,POINT (517238.06782886246 169978.3592105119)
E02000806,Richmond upon Thames 023,POINT (514835.34722964524 169122.0089077608)
E02000807,Southwark 001,POINT (535953.3036858538 180091.58554339397)
E02000808,Southwark 002,POINT (532166.4468850814 180073.99283431206)
E02000809,Southwark 003,POINT (533455.1507191601 179816.4567492001)
E02000810,Southwark 004,POINT (534149.4284873984 179375.1490216744)
E02000812,Southwark 006,POINT (532997.7740941605 179405.3316290154)
E02000813,Southwark 007,POINT (535309.4393117183 179331.35792039396)
E02000814,Southwark 008,POINT (536247.3156231456 179394.72842255142)
E02000815,Southwark 009,POINT (532314.5158772835 179190.45284586342)
E02000816,Southwark 010,POINT (534425.2469697535 178622.87271347095)
E02000817,Southwark 011,POINT (535059.2449602088 178639.8237339987)
E02000818,Southwark 012,POINT (532547.2243350269 178582.94238403026)
E02000819,Southwark 013,POINT (533785.8024688923 178542.45537845168)
E02000820,Southwark 014,POINT (531832.7133399327 178237.86108075004)
E02000821,Southwark 015,POINT (533470.2736341899 178094.32215374)
E02000822,Southwark 016,POINT (532818.2449348513 178066.53396507655)
E02000823,Southwark 017,POINT (532326.1217826082 177680.60115213905)
E02000824,Southwark 018,POINT (534549.0001476662 177638.73819853435)
E02000825,Southwark 019,POINT (533573.5896069164 177226.64781149855)
E02000826,Southwark 020,POINT (532971.2149469074 177071.0915223574)
E02000827,Southwark 021,POINT (532270.7510950745 176953.48301640784)
E02000828,Southwark 022,POINT (534321.849530893 176843.52291987796)
E02000829,Southwark 023,POINT (534994.402836912 176761.0341587762)
E02000830,Southwark 024,POINT (533207.3372700546 176207.649926717)
E02000831,Southwark 025,POINT (534025.6383628143 176108.57798576952)
E02000832,Southwark 026,POINT (534945.9746096691 175819.41043379414)
E02000833,Southwark 027,POINT (533033.1954047328 175379.34952981648)
E02000834,Southwark 028,POINT (534319.9189732671 175069.29146975093)
E02000835,Southwark 029,POINT (535501.8502377959 174841.24853528306)
E02000836,Southwark 030,POINT (533643.1971357872 174621.16120235572)
E02000837,Southwark 031,POINT (532970.397725673 173960.16227074986)
E02000838,Southwark 032,POINT (534404.6560241339 173921.34633554667)
E02000839,Southwark 033,POINT (533648.6328982415 172352.9183718218)
E02000840,Sutton 001,POINT (527484.9823891976 166913.7382258435)
E02000841,Sutton 002,POINT (526331.0305236531 166442.27180251342)
E02000842,Sutton 003,POINT (524755.404585271 166084.67252795742)
E02000843,Sutton 004,POINT (528135.2348296142 165926.20157887117)
E02000844,Sutton 005,POINT (527361.0414692793 165781.8574213476)
E02000845,Sutton 006,POINT (522708.35506755265 165983.5870978022)
E02000846,Sutton 007,POINT (525892.6535751338 165686.09720330054)
E02000847,Sutton 008,POINT (523223.453057261 165448.6770799413)
E02000848,Sutton 009,POINT (524070.3599340031 165018.31972613523)
E02000849,Sutton 010,POINT (528808.9659507475 164945.51040710718)
E02000850,Sutton 011,POINT (529698.8588347042 165792.54925938373)
E02000851,Sutton 012,POINT (526018.7064861406 164633.0210988961)
E02000852,Sutton 013,POINT (526793.2164333783 164718.7226578774)
E02000853,Sutton 014,POINT (524988.0274581538 164606.05763912734)
E02000854,Sutton 015,POINT (527658.7135987054 164347.92992634096)
E02000855,Sutton 016,POINT (524136.26129817276 163698.20345939294)
E02000856,Sutton 017,POINT (529207.9104338076 163695.32584847292)
E02000857,Sutton 018,POINT (525550.5458499542 163608.16463040045)
E02000858,Sutton 019,POINT (530313.324525459 163571.57112542898)
E02000859,Sutton 020,POINT (528451.1057615589 163237.02334889144)
E02000860,Sutton 021,POINT (526177.5554250292 163184.95230399616)
E02000861,Sutton 022,POINT (526856.8668058501 162706.24070204314)
E02000863,Sutton 024,POINT (528593.3522570855 161585.86824233222)
E02000864,Tower Hamlets 001,POINT (536801.3691283823 184035.65794993416)
E02000865,Tower Hamlets 002,POINT (535070.3091736053 183239.3448840471)
E02000866,Tower Hamlets 003,POINT (536118.7073973097 183271.17821900052)
E02000867,Tower Hamlets 004,POINT (537217.3419128872 183274.19031498116)
E02000868,Tower Hamlets 005,POINT (534533.256115174 183043.1111205361)
E02000869,Tower Hamlets 006,POINT (533883.0384055302 182816.5503783179)
E02000870,Tower Hamlets 007,POINT (535460.6460572325 182771.4147700005)
E02000871,Tower Hamlets 008,POINT (537883.2057873223 182558.7954949953)
E02000872,Tower Hamlets 009,POINT (534036.2502729038 182398.31183467142)
E02000873,Tower Hamlets 010,POINT (535925.6869288771 182504.760816577)
E02000874,Tower Hamlets 011,POINT (535175.4168917645 182440.71712660804)
E02000875,Tower Hamlets 012,POINT (537319.1615035816 182238.23479430607)
E02000876,Tower Hamlets 013,POINT (534759.8359949643 182194.3460943375)
E02000877,Tower Hamlets 014,POINT (536763.9798018347 181980.90998164)
E02000878,Tower Hamlets 015,POINT (533894.8960216637 181772.8528175292)
E02000879,Tower Hamlets 016,POINT (535525.6949086268 181628.33687506543)
E02000880,Tower Hamlets 017,POINT (534986.0997603033 181619.15610189806)
E02000881,Tower Hamlets 018,POINT (538280.9689794462 181601.94930141795)
E02000882,Tower Hamlets 019,POINT (536109.3677199642 181579.65604711097)
E02000883,Tower Hamlets 020,POINT (537948.5148642357 181268.78447357658)
E02000884,Tower Hamlets 021,POINT (534262.6283366948 181246.61912190847)
E02000885,Tower Hamlets 022,POINT (535176.9576609015 181091.04958945027)
E02000886,Tower Hamlets 023,POINT (536692.9390347017 181036.26366199972)
E02000887,Tower Hamlets 024,POINT (537422.521011038 181016.599145254)
E02000888,Tower Hamlets 025,POINT (535547.7514680821 180886.92126254752)
E02000889,Tower Hamlets 026,POINT (534473.9535200701 180589.01913511814)
E02000890,Tower Hamlets 027,POINT (534355.4868517035 180403.07862725243)
E02000891,Tower Hamlets 028,POINT (538391.8951418613 180308.5142416655)
E02000893,Tower Hamlets 030,POINT (538311.2186207642 178812.76500642108)
E02000894,Tower Hamlets 031,POINT (537583.0485503941 178666.89970550814)
E02000895,Waltham Forest 001,POINT (537872.7121929942 194780.49998553557)
E02000896,Waltham Forest 002,POINT (539198.8351308318 194617.08949548658)
E02000897,Waltham Forest 003,POINT (539312.9781474547 193052.65466764182)
E02000898,Waltham Forest 004,POINT (538163.2229592408 192947.04350257074)
E02000899,Waltham Forest 005,POINT (537340.4493815199 192932.02075942702)
E02000900,Waltham Forest 006,POINT (536826.6165959255 192133.02285156713)
E02000901,Waltham Forest 007,POINT (538948.9868937029 191749.67219345891)
E02000902,Waltham Forest 008,POINT (537870.1414400879 191326.33326891414)
E02000903,Waltham Forest 009,POINT (536336.0964520181 190955.81484721001)
E02000904,Waltham Forest 010,POINT (538780.3845018685 190593.35060704188)
E02000905,Waltham Forest 011,POINT (537364.5240951735 190196.84588551)
E02000906,Waltham Forest 012,POINT (536715.4640557173 189820.1790904399)
E02000907,Waltham Forest 013,POINT (538315.0931654751 189619.37235585647)
E02000908,Waltham Forest 014,POINT (535582.6045077804 189603.64794294862)
E02000909,Waltham Forest 015,POINT (538766.1360396089 189298.64199230357)
E02000910,Waltham Forest 016,POINT (537425.5854618471 188906.32551210097)
E02000911,Waltham Forest 017,POINT (536625.1406775074 188860.20546061022)
E02000912,Waltham Forest 018,POINT (535684.763118515 188174.57718845547)
E02000913,Waltham Forest 019,POINT (538611.4933147926 188187.94897910467)
E02000914,Waltham Forest 020,POINT (537760.9020748996 188009.47418109415)
E02000915,Waltham Forest 021,POINT (539279.8339928065 188160.452445617)
E02000916,Waltham Forest 022,POINT (536276.0934420036 187235.5150127579)
E02000917,Waltham Forest 023,POINT (538090.9341918393 187167.45900900743)
E02000918,Waltham Forest 024,POINT (539536.6028254469 187151.98965643172)
E02000919,Waltham Forest 025,POINT (538476.829900913 186696.986706485)
E02000920,Waltham Forest 026,POINT (537640.7201425906 186316.5728090104)
E02000921,Waltham Forest 027,POINT (538885.5029868225 186164.50329520626)
E02000922,Waltham Forest 028,POINT (539591.7494524097 186023.28466663454)
E02000923,Wandsworth 001,POINT (527792.8940929904 177063.12683627792)
E02000924,Wandsworth 002,POINT (529080.4381905 177047.49634202276)
E02000925,Wandsworth 003,POINT (527710.7577491293 176525.03961604266)
E02000926,Wandsworth 004,POINT (526833.8233660404 176245.82403614352)
E02000927,Wandsworth 005,POINT (528319.3009441252 175940.34719415245)
E02000928,Wandsworth 006,POINT (523375.75654027524 175759.3360936632)
E02000929,Wandsworth 007,POINT (526737.0958012928 175665.25569076516)
E02000930,Wandsworth 008,POINT (527533.0983670878 175731.54827026624)
E02000931,Wandsworth 009,POINT (528164.5358559311 175099.53253751993)
E02000932,Wandsworth 010,POINT (524944.9504673219 175115.76776589546)
E02000933,Wandsworth 011,POINT (523029.6128785256 175044.23273618968)
E02000934,Wandsworth 012,POINT (526609.3605763674 175101.65061017417)
E02000935,Wandsworth 013,POINT (521670.0030082201 174688.27935717328)
E02000936,Wandsworth 014,POINT (524049.37912464363 174493.5265286135)
E02000937,Wandsworth 015,POINT (527350.2540943434 174220.35698917846)
E02000938,Wandsworth 016,POINT (522902.89367689897 174116.75623414887)
E02000939,Wandsworth 017,POINT (528144.7414376594 174252.5898530076)
E02000940,Wandsworth 018,POINT (525609.6353197286 174183.3691044701)
E02000941,Wandsworth 019,POINT (526378.4636543916 174162.40955639663)
E02000942,Wandsworth 020,POINT (524781.2665849142 173898.6258793968)
E02000943,Wandsworth 021,POINT (528435.8329519028 173769.79170203497)
E02000944,Wandsworth 022,POINT (524094.78398392093 173680.89366249583)
E02000945,Wandsworth 023,POINT (522542.1466429061 172939.34203908473)
E02000946,Wandsworth 024,POINT (526455.2044905635 173291.8037765327)
E02000947,Wandsworth 025,POINT (525315.6781392822 173289.2177752752)
E02000948,Wandsworth 026,POINT (529060.498331416 172610.93032652792)
E02000949,Wandsworth 027,POINT (527457.2284316467 172936.63263667983)
E02000950,Wandsworth 028,POINT (524165.4619304126 172882.85545908698)
E02000951,Wandsworth 029,POINT (528085.8844518488 172617.66815147066)
E02000952,Wandsworth 030,POINT (528533.8137756458 172414.38470084162)
E02000953,Wandsworth 031,POINT (526318.8484876706 172314.96307553418)
E02000954,Wandsworth 032,POINT (527871.8984375455 171979.28259715094)
E02000955,Wandsworth 033,POINT (527530.1113245987 171796.15908359372)
E02000956,Wandsworth 034,POINT (526821.9489332015 171480.026650108)
E02000957,Wandsworth 035,POINT (527726.808692582 171092.79499864805)
E02000958,Wandsworth 036,POINT (528788.919570517 171218.93143878225)
E02000959,Wandsworth 037,POINT (529259.0496214123 170993.27915603408)
E02000960,Westminster 001,POINT (527372.3423905442 183386.52771196343)
E02000961,Westminster 002,POINT (526065.0285110943 183245.57411919037)
E02000962,Westminster 003,POINT (526798.837606449 182761.62786119498)
E02000963,Westminster 004,POINT (524307.7234424038 182648.27353848948)
E02000964,Westminster 005,POINT (524873.3044646329 182525.2796408515)
E02000965,Westminster 006,POINT (525551.1606465711 182464.2786817879)
E02000966,Westminster 007,POINT (526150.113295019 182251.96997364316)
E02000967,Westminster 008,POINT (527883.15664819 182546.45577969032)
E02000968,Westminster 009,POINT (526963.9443630673 182062.90093801377)
E02000969,Westminster 010,POINT (525455.9716126171 181816.79067809682)
E02000970,Westminster 011,POINT (528366.1430494605 181393.6587233954)
E02000971,Westminster 012,POINT (527625.5323445078 181524.7499162442)
E02000972,Westminster 013,POINT (529180.603119773 181227.8108567025)
E02000973,Westminster 014,POINT (525452.9662877843 181365.85650212856)
E02000974,Westminster 015,POINT (527027.2103681616 181253.57037058825)
E02000975,Westminster 016,POINT (526394.6062223556 181127.66886311476)
E02000976,Westminster 017,POINT (525856.2249157708 180960.18368666747)
E02000977,Westminster 018,POINT (529630.6686508097 180417.98415843237)
E02000978,Westminster 019,POINT (527332.9310227726 179978.29691296947)
E02000979,Westminster 020,POINT (529590.9865132729 179421.28778654354)
E02000980,Westminster 021,POINT (529852.578838493 178671.75296472953)
E02000981,Westminster 022,POINT (529122.7910025271 178488.18984615456)
E02000982,Westminster 023,POINT (528658.3566319298 178493.24349505288)
E02000983,Westminster 024,POINT (529507.3283086651 178129.81110253424)
E02006782,Bromley 040,POINT (540860.6997439475 170949.70569796735)
E02006783,Lewisham 037,POINT (539891.0399436854 171785.4664202316)
E02006784,Lewisham 038,POINT (538860.5362458822 171123.5190136297)
E02006785,Bexley 029,POINT (545903.9312789843 176630.77409606677)
E02006786,Greenwich 033,POINT (546040.7622775913 177716.69021282674)
E02006787,Bromley 041,POINT (536417.4854759704 168510.60088596598)
E02006788,Croydon 045,POINT (535195.7935298731 167886.80164374455)
E02006789,Bromley 042,POINT (542781.1402733602 160023.52237060142)
E02006791,Ealing 040,POINT (520491.52719954785 179151.17601671314)
E02006792,Hounslow 029,POINT (520000.05363642634 178611.1305373759)
E02006793,Enfield 037,POINT (533309.1386863249 192110.69348712737)
E02006794,Haringey 037,POINT (533814.5576010909 191241.71057578543)
E02006795,Harrow 032,POINT (512621.2806296702 187029.9161826964)
E02006796,Hillingdon 033,POINT (511141.93137227115 185045.8178571419)
E02006798,Lewisham 039,POINT (536776.6813882571 177336.51737764388)
E02006799,Barking and Dagenham 023,POINT (547548.1174190674 186808.71231581445)
E02006800,Redbridge 034,POINT (546403.5125089957 186861.53892527384)
E02006801,Lambeth 036,POINT (531004.4376007188 179734.08770583014)
E02006802,Southwark 034,POINT (531662.366506686 179381.97334412127)
E02006836,Sutton 025,POINT (524693.352643571 161932.7155920505)
E02006853,Tower Hamlets 032,POINT (537408.9695667432 179371.44835182032)
E02006854,Tower Hamlets 033,POINT (537419.6140251214 180220.29667825796)
E02006882,Harrow 033,POINT (516913.7055693936 189319.09649527157)
E02006918,Hackney 028,POINT (535154.1162608812 186787.7890176462)
E02006921,Hackney 029,POINT (534581.8918459761 187044.31189257625)
E02006924,Redbridge 035,POINT (542803.3092189278 187767.63752673942)
E02006925,Redbridge 036,POINT (542273.7814285994 189351.0934170394)
E02006927,Greenwich 034,POINT (540690.4865733916 175178.48876636714)
E02006928,Greenwich 035,POINT (537700.1965183143 177616.26289003753)
E02006929,Greenwich 036,POINT (539747.826362629 179078.89762535595)
E02006930,Greenwich 037,POINT (539775.3952207 178277.5412388278)
E02006931,Greenwich 038,POINT (538621.2812422221 177152.20720707922)
